student_id,student_name,department,academic_year,semester,email,cgpa,backlogs,academic_avg_marks,academic_min_marks,academic_max_marks,subjects_enrolled_count,failed_subjects_count,total_classes_attended,total_classes_scheduled,min_subject_attendance_percentage,low_attendance_subjects_count,overall_attendance_percentage,login_frequency,assignments_completed,total_assignments,assignment_completion_percentage,events_attended,clubs_participated,hackathons_participated,extracurricular_participation,certifications_count,aptitude_score,coding_score,mock_interview_score,placement_readiness_score,technical_skill_score,soft_skill_score,assessed_skills,assessment_date,student_satisfaction_score,faculty_feedback_score,feedback_date,academic_score,attendance_score,lms_score,engagement_score,placement_score,mock_interview_pending,skills_score,soft_skill_pending,feedback_score,satisfaction_survey_pending,student_success_score,academic_risk_level,academic_risk_triggers_count,placement_risk_level,placement_risk_triggers_count,overall_risk_summary,student_segment,segment_description,segment_focus_strategy
STU1001,Karthik Sharma,Computer Science and Engineering,4th Year,7,karthik.sharma001@smartcampus.edu,8.41,0,78.98,75.7,85.7,4,0,169,198,81.48,0,85.35,24,9,12,75.0,2,2,0,Medium,1,77.2,81.7,66.3,75.73,72.6,71.1,"Data Structures, Algorithms, Python, System Design, Problem Solving",2026-08-10,3.7,4.0,2026-09-01,85.74,85.35,64.2,34.17,75.73,False,72.0,False,72.0,False,73.62,Low,0,Low,0,On Track: Student maintains exemplary academic standing and career preparation standards.,"Strong Academics, Strong Placement Readiness","Top-tier student excelling in theoretical coursework, exams, and technical recruitment readiness.","Honors mentorship, advanced leadership opportunities, product hackathons, and tier-1 campus placements."
STU1002,Surya Kumar,Information Technology,4th Year,7,surya.kumar002@smartcampus.edu,6.74,0,67.45,62.6,75.2,4,0,152,204,72.92,3,74.51,30,9,12,75.0,4,2,4,High,3,72.1,96.4,77.5,83.44,88.6,70.8,"Java, Web Development, Database Management, Cloud Basics, Agile",2026-08-11,3.7,4.4,2026-09-02,73.94,74.51,69.0,81.67,83.44,False,81.48,False,78.0,False,77.43,Moderate,2,Low,0,Monitoring Required: Moderate risk identified in one or more areas; proactive coaching advised.,"Moderate Academics, Strong Placement Readiness",Solid coursework performer with distinguished technical coding competencies.,Maintain academic momentum while targeting high-package campus placement opportunities.
STU1003,Rishi Nair,Electronics and Communication Engineering,3rd Year,5,rishi.nair003@smartcampus.edu,5.55,1,56.65,53.8,61.9,4,0,145,204,66.0,3,71.08,19,6,12,50.0,3,1,1,Low,0,50.9,57.6,58.7,55.92,61.6,62.9,"Digital Circuits, Microcontrollers, Embedded C, MATLAB, IoT",2026-08-12,3.7,3.2,2026-09-03,59.74,71.08,45.2,27.33,55.92,False,62.12,False,60.0,False,56.29,Moderate,4,Moderate,5,Monitoring Required: Moderate risk identified in one or more areas; proactive coaching advised.,Needs Improvement in Multiple Areas,"Student facing critical challenges across coursework, attendance, and recruitment preparedness.","Holistic academic advisory, weekly faculty mentor check-ins, study groups, and foundational skill workshops."
STU1004,Janani Sengupta,Data Science,2nd Year,3,janani.sengupta004@smartcampus.edu,7.38,0,78.5,76.6,81.9,4,0,170,210,74.0,1,80.95,29,9,12,75.0,2,1,0,Medium,3,75.0,77.4,65.8,73.2,76.5,70.5,"Python, Machine Learning, SQL, Statistics, Data Visualization",2026-08-13,3.6,3.9,2026-09-04,80.45,80.95,68.2,35.83,73.2,False,74.1,False,69.5,False,71.75,Low,0,Low,0,On Track: Student maintains exemplary academic standing and career preparation standards.,"Strong Academics, Moderate Placement Readiness",High GPA student with solid fundamentals approaching recruitment qualification standards.,Fine-tune advanced algorithmic coding and participate in company-specific mock tests.
STU1005,Harini Chopra,Mechanical Engineering,2nd Year,3,harini.chopra005@smartcampus.edu,9.27,0,91.15,88.8,94.1,4,0,187,200,90.74,0,93.5,55,12,12,100.0,5,3,5,High,5,95.4,93.8,90.0,93.14,86.4,92.5,"CAD Modeling, Thermodynamics, FEA, MATLAB, Project Management",2026-08-14,4.9,4.7,2026-09-05,93.7,93.5,100.0,92.5,93.14,False,88.84,False,94.5,False,93.55,Low,0,Low,0,On Track: Student maintains exemplary academic standing and career preparation standards.,"Strong Academics, Strong Placement Readiness","Top-tier student excelling in theoretical coursework, exams, and technical recruitment readiness.","Honors mentorship, advanced leadership opportunities, product hackathons, and tier-1 campus placements."
STU1006,Manish Verma,Computer Science and Engineering,3rd Year,5,manish.verma006@smartcampus.edu,9.02,0,87.77,80.1,95.2,4,0,181,194,89.58,0,93.3,49,11,12,91.67,6,2,2,High,5,86.5,94.1,90.8,90.83,94.7,91.6,"Data Structures, Algorithms, Python, System Design, Problem Solving",2026-08-15,4.8,4.5,2026-09-06,91.43,93.3,94.2,71.67,90.83,False,93.46,False,90.5,False,90.06,Low,0,Low,0,On Track: Student maintains exemplary academic standing and career preparation standards.,"Strong Academics, Strong Placement Readiness","Top-tier student excelling in theoretical coursework, exams, and technical recruitment readiness.","Honors mentorship, advanced leadership opportunities, product hackathons, and tier-1 campus placements."
STU1007,Ananya Patel,Information Technology,4th Year,7,ananya.patel007@smartcampus.edu,9.54,0,96.35,88.4,99.0,4,0,188,212,85.19,0,88.68,59,12,12,100.0,10,2,4,High,5,90.1,85.1,94.7,89.48,86.0,86.2,"Java, Web Development, Database Management, Cloud Basics, Agile",2026-08-16,5.0,5.0,2026-09-07,96.6,88.68,100.0,91.67,89.48,False,86.08,False,100.0,False,92.84,Low,0,Low,0,On Track: Student maintains exemplary academic standing and career preparation standards.,"Strong Academics, Strong Placement Readiness","Top-tier student excelling in theoretical coursework, exams, and technical recruitment readiness.","Honors mentorship, advanced leadership opportunities, product hackathons, and tier-1 campus placements."
STU1008,Rhea Kumar,Electronics and Communication Engineering,4th Year,7,rhea.kumar008@smartcampus.edu,5.13,1,37.4,31.8,43.7,4,3,112,202,52.0,4,55.45,9,5,12,41.67,0,0,0,Low,0,44.7,47.4,,46.32,47.6,49.7,"Digital Circuits, Microcontrollers, Embedded C, MATLAB, IoT",2026-08-17,2.8,2.4,2026-09-08,51.87,55.45,32.2,4.0,46.24,True,48.44,False,39.0,False,43.09,High,5,High,4,Dual Critical Risk: Immediate intervention required in both academic standing and recruitment readiness.,Needs Improvement in Multiple Areas,"Student facing critical challenges across coursework, attendance, and recruitment preparedness.","Holistic academic advisory, weekly faculty mentor check-ins, study groups, and foundational skill workshops."
STU1009,Ananya Bhat,Data Science,2nd Year,3,ananya.bhat009@smartcampus.edu,8.36,0,69.73,61.7,77.0,4,0,172,208,77.08,0,82.69,33,10,12,83.33,4,1,1,High,3,75.0,69.3,71.9,71.79,76.6,79.9,"Python, Machine Learning, SQL, Statistics, Data Visualization",2026-08-18,4.2,4.3,2026-09-09,82.72,82.69,76.4,50.83,71.79,False,77.92,False,81.5,False,76.03,Low,0,Low,0,On Track: Student maintains exemplary academic standing and career preparation standards.,"Strong Academics, Moderate Placement Readiness",High GPA student with solid fundamentals approaching recruitment qualification standards.,Fine-tune advanced algorithmic coding and participate in company-specific mock tests.
STU1010,Priya Das,Mechanical Engineering,3rd Year,5,priya.das010@smartcampus.edu,6.62,2,54.1,51.7,58.8,4,0,156,214,70.37,3,72.9,17,6,12,50.0,2,1,0,Low,1,51.3,51.0,53.5,51.84,56.4,66.9,"CAD Modeling, Thermodynamics, FEA, MATLAB, Project Management",2026-08-19,3.4,3.1,2026-09-10,59.33,72.9,43.6,22.33,51.84,False,60.6,False,55.5,False,54.44,High,4,Moderate,5,Academic Priority: Academic remediation (clearing backlogs and boosting attendance) must take precedence.,Needs Improvement in Multiple Areas,"Student facing critical challenges across coursework, attendance, and recruitment preparedness.","Holistic academic advisory, weekly faculty mentor check-ins, study groups, and foundational skill workshops."
STU1011,Keerthi Kumar,Computer Science and Engineering,3rd Year,5,keerthi.kumar011@smartcampus.edu,8.89,0,89.62,87.4,91.1,4,0,183,202,86.0,0,90.59,43,12,12,100.0,10,2,2,High,3,89.0,95.6,91.6,92.42,86.8,93.8,"Data Structures, Algorithms, Python, System Design, Problem Solving",2026-08-20,4.9,5.0,2026-09-11,91.34,90.59,94.4,76.67,92.42,False,89.6,False,99.0,False,90.69,Low,0,Low,0,On Track: Student maintains exemplary academic standing and career preparation standards.,"Strong Academics, Strong Placement Readiness","Top-tier student excelling in theoretical coursework, exams, and technical recruitment readiness.","Honors mentorship, advanced leadership opportunities, product hackathons, and tier-1 campus placements."
STU1012,Raghav Chopra,Information Technology,2nd Year,3,raghav.chopra012@smartcampus.edu,6.98,1,73.8,69.3,80.2,4,0,155,196,72.92,1,79.08,29,8,12,66.67,6,1,4,High,2,72.8,98.1,85.6,86.76,97.0,78.0,"Java, Web Development, Database Management, Cloud Basics, Agile",2026-08-21,4.2,4.3,2026-09-12,72.04,79.08,63.2,73.33,86.76,False,89.4,False,81.5,False,78.12,Moderate,3,Low,0,Monitoring Required: Moderate risk identified in one or more areas; proactive coaching advised.,"Moderate Academics, Strong Placement Readiness",Solid coursework performer with distinguished technical coding competencies.,Maintain academic momentum while targeting high-package campus placement opportunities.
STU1013,Surya Narayanan,Electronics and Communication Engineering,2nd Year,3,surya.narayanan013@smartcampus.edu,6.44,1,61.78,56.4,67.6,4,0,152,200,72.92,2,76.0,23,6,12,50.0,1,1,0,Low,1,60.0,56.6,56.7,57.65,63.8,61.6,"Digital Circuits, Microcontrollers, Embedded C, MATLAB, IoT",2026-08-22,,3.5,2026-09-13,65.73,76.0,48.4,19.83,57.65,False,62.92,False,62.5,True,58.74,Moderate,3,Moderate,5,Monitoring Required: Moderate risk identified in one or more areas; proactive coaching advised.,Needs Placement Preparation,Steady academic foundation but underprepared for competitive placement assessments.,"Enroll in structured placement training modules, aptitude test series, and resume building."
STU1014,Aarav Swaminathan,Data Science,3rd Year,5,aarav.swaminathan014@smartcampus.edu,7.68,0,74.22,67.5,81.7,4,0,167,194,85.42,0,86.08,31,11,12,91.67,2,1,0,Medium,1,75.9,69.4,72.8,72.37,82.7,75.9,"Python, Machine Learning, SQL, Statistics, Data Visualization",2026-08-23,3.8,4.1,2026-09-14,80.67,86.08,79.8,25.83,72.37,False,79.98,False,74.5,False,73.67,Low,0,Low,0,On Track: Student maintains exemplary academic standing and career preparation standards.,"Strong Academics, Moderate Placement Readiness",High GPA student with solid fundamentals approaching recruitment qualification standards.,Fine-tune advanced algorithmic coding and participate in company-specific mock tests.
STU1015,Naveen Das,Mechanical Engineering,4th Year,7,naveen.das015@smartcampus.edu,8.82,0,82.53,80.9,83.5,4,0,180,202,85.42,0,89.11,44,12,12,100.0,6,2,3,High,3,92.1,91.9,87.0,90.49,94.8,83.7,"CAD Modeling, Thermodynamics, FEA, MATLAB, Project Management",2026-08-24,4.5,4.5,2026-09-15,88.86,89.11,95.2,79.17,90.49,False,90.36,False,87.5,False,88.96,Low,0,Low,0,On Track: Student maintains exemplary academic standing and career preparation standards.,"Strong Academics, Strong Placement Readiness","Top-tier student excelling in theoretical coursework, exams, and technical recruitment readiness.","Honors mentorship, advanced leadership opportunities, product hackathons, and tier-1 campus placements."
STU1016,Manish Pillai,Computer Science and Engineering,3rd Year,5,manish.pillai016@smartcampus.edu,9.83,0,93.28,89.6,96.2,4,0,183,202,88.89,0,90.59,53,12,12,100.0,11,3,5,High,4,94.7,85.5,85.5,88.26,92.8,,"Data Structures, Algorithms, Python, System Design, Problem Solving",2026-08-25,4.6,4.7,2026-09-16,97.13,90.59,100.0,100.0,88.26,False,92.8,True,91.5,False,93.98,Low,0,Low,0,On Track: Student maintains exemplary academic standing and career preparation standards.,"Strong Academics, Strong Placement Readiness","Top-tier student excelling in theoretical coursework, exams, and technical recruitment readiness.","Honors mentorship, advanced leadership opportunities, product hackathons, and tier-1 campus placements."
STU1017,Surya Nair,Information Technology,3rd Year,5,surya.nair017@smartcampus.edu,7.18,0,73.6,67.5,82.3,4,0,174,204,80.77,0,85.29,25,10,12,83.33,4,1,0,Medium,3,79.8,74.5,75.0,76.24,76.5,74.1,"Java, Web Development, Database Management, Cloud Basics, Agile",2026-08-26,3.8,4.3,2026-09-17,77.98,85.29,70.0,40.83,76.24,False,75.54,False,77.5,False,73.88,Low,0,Low,0,On Track: Student maintains exemplary academic standing and career preparation standards.,"Strong Academics, Strong Placement Readiness","Top-tier student excelling in theoretical coursework, exams, and technical recruitment readiness.","Honors mentorship, advanced leadership opportunities, product hackathons, and tier-1 campus placements."
STU1018,Rhea Swaminathan,Electronics and Communication Engineering,3rd Year,5,rhea.swaminathan018@smartcampus.edu,7.13,0,67.75,61.0,71.7,4,0,183,208,82.69,0,87.98,30,11,12,91.67,4,1,2,Medium,3,82.3,74.8,80.6,78.79,68.1,83.6,"Digital Circuits, Microcontrollers, Embedded C, MATLAB, IoT",2026-08-27,3.9,4.2,2026-09-18,75.97,87.98,79.0,55.83,78.79,False,74.3,False,77.0,False,76.51,Low,0,Moderate,1,Monitoring Required: Moderate risk identified in one or more areas; proactive coaching advised.,"Strong Academics, Strong Placement Readiness","Top-tier student excelling in theoretical coursework, exams, and technical recruitment readiness.","Honors mentorship, advanced leadership opportunities, product hackathons, and tier-1 campus placements."
STU1019,Amrita Reddy,Data Science,3rd Year,5,amrita.reddy019@smartcampus.edu,7.79,0,83.25,78.6,90.3,4,0,169,202,81.48,0,83.66,27,9,12,75.0,3,1,2,Medium,3,77.5,71.3,72.7,73.58,76.2,76.8,"Python, Machine Learning, SQL, Statistics, Data Visualization",2026-08-28,3.7,4.1,2026-09-19,83.92,83.66,66.6,53.33,73.58,False,76.44,False,73.5,False,75.29,Low,0,Low,0,On Track: Student maintains exemplary academic standing and career preparation standards.,"Strong Academics, Moderate Placement Readiness",High GPA student with solid fundamentals approaching recruitment qualification standards.,Fine-tune advanced algorithmic coding and participate in company-specific mock tests.
STU1020,Harini Deshmukh,Mechanical Engineering,4th Year,7,harini.deshmukh020@smartcampus.edu,8.49,0,75.47,71.4,77.4,4,0,160,200,72.22,1,80.0,22,10,12,83.33,5,2,0,Medium,1,80.0,78.6,79.0,79.14,70.8,71.8,"CAD Modeling, Thermodynamics, FEA, MATLAB, Project Management",2026-08-29,4.1,4.3,2026-09-20,85.09,80.0,67.6,41.67,79.14,False,71.2,False,80.5,False,75.01,Low,0,Low,0,On Track: Student maintains exemplary academic standing and career preparation standards.,"Strong Academics, Strong Placement Readiness","Top-tier student excelling in theoretical coursework, exams, and technical recruitment readiness.","Honors mentorship, advanced leadership opportunities, product hackathons, and tier-1 campus placements."
STU1021,Ishaan Gupta,Computer Science and Engineering,4th Year,7,ishaan.gupta021@smartcampus.edu,7.66,0,76.38,71.1,81.0,4,0,167,202,79.17,0,82.67,36,11,12,91.67,3,2,0,High,3,76.7,72.3,70.7,73.14,79.0,79.1,"Data Structures, Algorithms, Python, System Design, Problem Solving",2026-08-30,3.7,4.3,2026-09-21,81.21,82.67,83.8,49.17,73.14,False,79.04,False,76.5,False,76.23,Low,0,Low,0,On Track: Student maintains exemplary academic standing and career preparation standards.,"Strong Academics, Moderate Placement Readiness",High GPA student with solid fundamentals approaching recruitment qualification standards.,Fine-tune advanced algorithmic coding and participate in company-specific mock tests.
STU1022,Anirudh Mehta,Information Technology,2nd Year,3,anirudh.mehta022@smartcampus.edu,9.22,0,79.8,76.3,84.4,4,0,192,204,88.0,0,94.12,52,11,12,91.67,8,2,5,High,5,95.4,86.9,85.2,88.94,92.9,91.4,"Java, Web Development, Database Management, Cloud Basics, Agile",2026-08-31,4.7,4.8,2026-09-22,90.04,94.12,95.0,91.67,88.94,False,92.3,False,94.0,False,91.68,Low,0,Low,0,On Track: Student maintains exemplary academic standing and career preparation standards.,"Strong Academics, Strong Placement Readiness","Top-tier student excelling in theoretical coursework, exams, and technical recruitment readiness.","Honors mentorship, advanced leadership opportunities, product hackathons, and tier-1 campus placements."
STU1023,Siddharth Narayanan,Electronics and Communication Engineering,3rd Year,5,siddharth.narayanan023@smartcampus.edu,8.42,0,73.65,69.2,77.0,4,0,161,206,75.0,0,78.16,39,9,12,75.0,2,1,2,High,1,82.8,77.0,67.6,75.92,76.6,77.7,"Digital Circuits, Microcontrollers, Embedded C, MATLAB, IoT",2026-09-01,3.9,4.2,2026-09-23,84.2,78.16,76.2,43.33,75.92,False,77.04,False,77.0,False,75.32,Low,0,Low,0,On Track: Student maintains exemplary academic standing and career preparation standards.,"Strong Academics, Strong Placement Readiness","Top-tier student excelling in theoretical coursework, exams, and technical recruitment readiness.","Honors mentorship, advanced leadership opportunities, product hackathons, and tier-1 campus placements."
STU1024,Bhavya Rajan,Data Science,3rd Year,5,bhavya.rajan024@smartcampus.edu,8.2,0,77.43,71.8,84.6,4,0,149,198,71.15,1,75.25,32,10,12,83.33,3,1,1,Medium,3,75.2,68.8,,71.36,70.1,70.8,"Python, Machine Learning, SQL, Statistics, Data Visualization",2026-09-02,3.9,3.9,2026-09-24,84.23,75.25,75.6,45.83,71.54,True,70.38,False,72.5,False,73.04,Low,0,Low,0,On Track: Student maintains exemplary academic standing and career preparation standards.,"Strong Academics, Moderate Placement Readiness",High GPA student with solid fundamentals approaching recruitment qualification standards.,Fine-tune advanced algorithmic coding and participate in company-specific mock tests.
STU1025,Sangeetha Bhat,Mechanical Engineering,2nd Year,3,sangeetha.bhat025@smartcampus.edu,7.1,0,71.0,67.4,76.6,4,0,169,202,76.92,0,83.66,38,9,12,75.0,2,2,2,Medium,2,79.4,74.0,74.1,75.65,75.2,76.0,"CAD Modeling, Thermodynamics, FEA, MATLAB, Project Management",2026-09-03,4.2,3.7,2026-09-25,76.8,83.66,75.4,54.17,75.65,False,75.52,False,72.5,False,74.7,Low,0,Low,0,On Track: Student maintains exemplary academic standing and career preparation standards.,"Strong Academics, Strong Placement Readiness","Top-tier student excelling in theoretical coursework, exams, and technical recruitment readiness.","Honors mentorship, advanced leadership opportunities, product hackathons, and tier-1 campus placements."
STU1026,Kavya Chatterjee,Computer Science and Engineering,2nd Year,3,kavya.chatterjee026@smartcampus.edu,5.86,0,58.98,54.0,67.4,4,0,142,204,65.38,3,69.61,20,8,12,66.67,0,0,0,Low,0,51.7,52.4,61.6,54.95,64.8,64.5,"Data Structures, Algorithms, Python, System Design, Problem Solving",2026-09-04,3.2,3.3,2026-09-26,66.99,69.61,56.0,4.0,54.95,False,64.68,False,56.5,False,56.46,Moderate,3,Moderate,5,Monitoring Required: Moderate risk identified in one or more areas; proactive coaching advised.,Needs Placement Preparation,Steady academic foundation but underprepared for competitive placement assessments.,"Enroll in structured placement training modules, aptitude test series, and resume building."
STU1027,Dinesh Patel,Information Technology,3rd Year,5,dinesh.patel027@smartcampus.edu,8.94,0,86.97,81.2,98.2,4,0,191,202,92.31,0,94.55,48,12,12,100.0,8,2,5,High,4,94.9,86.8,94.2,91.45,90.4,93.6,"Java, Web Development, Database Management, Cloud Basics, Agile",2026-09-05,4.8,4.6,2026-09-27,90.79,94.55,98.4,91.67,91.45,False,91.68,False,92.0,False,92.54,Low,0,Low,0,On Track: Student maintains exemplary academic standing and career preparation standards.,"Strong Academics, Strong Placement Readiness","Top-tier student excelling in theoretical coursework, exams, and technical recruitment readiness.","Honors mentorship, advanced leadership opportunities, product hackathons, and tier-1 campus placements."
STU1028,Tarun Shetty,Electronics and Communication Engineering,3rd Year,5,tarun.shetty028@smartcampus.edu,7.83,0,79.85,77.6,82.8,4,0,162,202,77.08,0,80.2,31,10,12,83.33,2,1,0,Medium,3,77.6,75.2,76.3,76.25,70.6,82.6,"Digital Circuits, Microcontrollers, Embedded C, MATLAB, IoT",2026-09-06,3.9,3.9,2026-09-28,83.1,80.2,74.8,35.83,76.25,False,75.4,False,72.5,False,73.97,Low,0,Low,0,On Track: Student maintains exemplary academic standing and career preparation standards.,"Strong Academics, Strong Placement Readiness","Top-tier student excelling in theoretical coursework, exams, and technical recruitment readiness.","Honors mentorship, advanced leadership opportunities, product hackathons, and tier-1 campus placements."
STU1029,Ashwin Chopra,Data Science,2nd Year,3,ashwin.chopra029@smartcampus.edu,7.43,0,77.6,73.1,86.2,4,0,166,204,74.0,1,81.37,28,11,12,91.67,3,2,2,Medium,2,70.2,73.2,69.6,71.22,76.1,70.6,"Python, Machine Learning, SQL, Statistics, Data Visualization",2026-09-07,4.3,4.3,2026-09-29,80.43,81.37,77.4,56.67,71.22,False,73.9,False,82.5,False,75.43,Low,0,Low,0,On Track: Student maintains exemplary academic standing and career preparation standards.,"Strong Academics, Moderate Placement Readiness",High GPA student with solid fundamentals approaching recruitment qualification standards.,Fine-tune advanced algorithmic coding and participate in company-specific mock tests.
STU1030,Pranav Das,Mechanical Engineering,2nd Year,3,pranav.das030@smartcampus.edu,8.69,0,83.95,81.7,85.8,4,0,182,204,83.33,0,89.22,58,12,12,100.0,6,3,4,High,3,86.2,96.9,83.9,89.79,95.5,87.8,"CAD Modeling, Thermodynamics, FEA, MATLAB, Project Management",2026-09-08,4.3,4.7,2026-09-30,88.64,89.22,100.0,95.0,89.79,False,92.42,False,88.5,False,91.17,Low,0,Low,0,On Track: Student maintains exemplary academic standing and career preparation standards.,"Strong Academics, Strong Placement Readiness","Top-tier student excelling in theoretical coursework, exams, and technical recruitment readiness.","Honors mentorship, advanced leadership opportunities, product hackathons, and tier-1 campus placements."
STU1031,Dev Verma,Computer Science and Engineering,4th Year,7,dev.verma031@smartcampus.edu,7.33,0,83.85,76.4,92.0,4,0,175,198,84.0,0,88.38,36,10,12,83.33,5,1,0,Medium,1,75.6,70.3,67.0,70.9,79.0,71.1,"Data Structures, Algorithms, Python, System Design, Problem Solving",2026-09-09,3.6,3.9,2026-09-01,81.8,88.38,78.8,33.33,70.9,False,75.84,False,69.5,False,73.76,Low,0,Low,0,On Track: Student maintains exemplary academic standing and career preparation standards.,"Strong Academics, Moderate Placement Readiness",High GPA student with solid fundamentals approaching recruitment qualification standards.,Fine-tune advanced algorithmic coding and participate in company-specific mock tests.
STU1032,Rohan Swaminathan,Information Technology,2nd Year,3,rohan.swaminathan032@smartcampus.edu,9.3,0,95.88,93.8,99.0,4,0,194,202,92.0,0,96.04,50,12,12,100.0,11,2,5,High,5,89.1,92.0,93.1,91.46,88.5,90.1,"Java, Web Development, Database Management, Cloud Basics, Agile",2026-09-10,,4.7,2026-09-02,95.26,96.04,100.0,91.67,91.46,False,89.14,False,92.5,True,93.78,Low,0,Low,0,On Track: Student maintains exemplary academic standing and career preparation standards.,"Strong Academics, Strong Placement Readiness","Top-tier student excelling in theoretical coursework, exams, and technical recruitment readiness.","Honors mentorship, advanced leadership opportunities, product hackathons, and tier-1 campus placements."
STU1033,Tarun Patel,Electronics and Communication Engineering,2nd Year,3,tarun.patel033@smartcampus.edu,9.13,0,85.8,80.8,90.2,4,0,196,204,94.23,0,96.08,42,12,12,100.0,10,3,5,High,4,88.0,85.5,82.3,85.29,95.9,87.6,"Digital Circuits, Microcontrollers, Embedded C, MATLAB, IoT",2026-09-11,4.5,4.8,2026-09-03,91.39,96.08,93.6,100.0,85.29,False,92.58,False,92.0,False,92.15,Low,0,Low,0,On Track: Student maintains exemplary academic standing and career preparation standards.,"Strong Academics, Strong Placement Readiness","Top-tier student excelling in theoretical coursework, exams, and technical recruitment readiness.","Honors mentorship, advanced leadership opportunities, product hackathons, and tier-1 campus placements."
STU1034,Rohan Gowda,Data Science,3rd Year,5,rohan.gowda034@smartcampus.edu,4.89,2,41.08,37.1,47.2,4,2,102,200,46.15,4,51.0,13,3,12,25.0,1,0,0,Low,0,38.3,31.0,49.4,38.71,48.3,50.8,"Python, Machine Learning, SQL, Statistics, Data Visualization",2026-09-12,3.0,2.2,2026-09-04,46.77,51.0,25.4,6.5,38.71,False,49.3,False,38.0,False,39.23,High,5,High,5,Dual Critical Risk: Immediate intervention required in both academic standing and recruitment readiness.,Needs Improvement in Multiple Areas,"Student facing critical challenges across coursework, attendance, and recruitment preparedness.","Holistic academic advisory, weekly faculty mentor check-ins, study groups, and foundational skill workshops."
STU1035,Ishaan Deshmukh,Mechanical Engineering,4th Year,7,ishaan.deshmukh035@smartcampus.edu,7.19,0,73.85,69.8,76.0,4,0,150,204,68.52,2,73.53,30,10,12,83.33,7,1,4,High,4,85.4,98.0,85.5,90.47,93.9,72.6,"CAD Modeling, Thermodynamics, FEA, MATLAB, Project Management",2026-09-13,3.7,3.9,2026-09-05,78.1,73.53,74.0,80.83,90.47,False,85.38,False,70.5,False,80.02,Moderate,1,Low,0,Monitoring Required: Moderate risk identified in one or more areas; proactive coaching advised.,"Strong Academics, Strong Placement Readiness","Top-tier student excelling in theoretical coursework, exams, and technical recruitment readiness.","Honors mentorship, advanced leadership opportunities, product hackathons, and tier-1 campus placements."
STU1036,Surya Bose,Computer Science and Engineering,2nd Year,3,surya.bose036@smartcampus.edu,6.17,1,57.48,55.1,59.0,4,0,151,202,72.0,2,74.75,13,9,12,75.0,2,0,0,Medium,1,64.8,52.4,52.5,56.15,54.4,57.0,"Data Structures, Algorithms, Python, System Design, Problem Solving",2026-09-14,3.0,3.5,2026-09-06,63.09,74.75,55.4,17.5,56.15,False,55.44,False,57.5,False,56.76,Moderate,3,High,5,Career Priority: Strong/moderate academics but requires urgent placement preparation (coding & aptitude drills).,Needs Improvement in Multiple Areas,"Student facing critical challenges across coursework, attendance, and recruitment preparedness.","Holistic academic advisory, weekly faculty mentor check-ins, study groups, and foundational skill workshops."
STU1037,Ashwin Iyer,Information Technology,3rd Year,5,ashwin.iyer037@smartcampus.edu,8.36,0,77.8,71.0,81.7,4,0,156,208,73.08,2,75.0,34,9,12,75.0,5,1,1,Medium,2,73.2,74.5,67.0,71.86,73.7,68.1,"Java, Web Development, Database Management, Cloud Basics, Agile",2026-09-15,4.2,3.7,2026-09-07,85.14,75.0,72.2,45.83,71.86,False,71.46,False,72.5,False,73.09,Low,0,Low,0,On Track: Student maintains exemplary academic standing and career preparation standards.,"Strong Academics, Moderate Placement Readiness",High GPA student with solid fundamentals approaching recruitment qualification standards.,Fine-tune advanced algorithmic coding and participate in company-specific mock tests.
STU1038,Chaithra Gupta,Electronics and Communication Engineering,4th Year,7,chaithra.gupta038@smartcampus.edu,9.78,0,94.85,91.9,99.0,4,0,181,200,85.42,0,90.5,56,12,12,100.0,5,3,3,High,5,96.1,97.9,91.5,95.44,89.9,90.4,"Digital Circuits, Microcontrollers, Embedded C, MATLAB, IoT",2026-09-16,4.7,4.6,2026-09-08,97.35,90.5,100.0,85.0,95.44,False,90.1,False,91.0,False,93.59,Low,0,Low,0,On Track: Student maintains exemplary academic standing and career preparation standards.,"Strong Academics, Strong Placement Readiness","Top-tier student excelling in theoretical coursework, exams, and technical recruitment readiness.","Honors mentorship, advanced leadership opportunities, product hackathons, and tier-1 campus placements."
STU1039,Rahul Sengupta,Data Science,2nd Year,3,rahul.sengupta039@smartcampus.edu,6.68,1,55.02,50.9,58.4,4,0,141,208,66.67,4,67.79,14,6,12,50.0,1,1,1,Low,2,57.1,59.5,56.4,57.85,56.1,,"Python, Machine Learning, SQL, Statistics, Data Visualization",2026-09-17,3.2,3.5,2026-09-09,64.91,67.79,41.2,32.33,57.85,False,56.1,True,59.5,False,56.81,Moderate,4,Moderate,5,Monitoring Required: Moderate risk identified in one or more areas; proactive coaching advised.,Needs Improvement in Multiple Areas,"Student facing critical challenges across coursework, attendance, and recruitment preparedness.","Holistic academic advisory, weekly faculty mentor check-ins, study groups, and foundational skill workshops."
STU1040,Sneha Das,Mechanical Engineering,3rd Year,5,sneha.das040@smartcampus.edu,7.28,0,76.3,73.1,81.3,4,0,177,204,80.77,0,86.76,36,11,12,91.67,3,2,2,Medium,1,82.6,81.4,68.2,77.8,74.9,68.0,"CAD Modeling, Thermodynamics, FEA, MATLAB, Project Management",2026-09-18,4.0,4.1,2026-09-10,79.29,86.76,83.8,51.67,77.8,False,72.14,False,76.5,False,76.72,Low,0,Low,0,On Track: Student maintains exemplary academic standing and career preparation standards.,"Strong Academics, Strong Placement Readiness","Top-tier student excelling in theoretical coursework, exams, and technical recruitment readiness.","Honors mentorship, advanced leadership opportunities, product hackathons, and tier-1 campus placements."
STU1041,Divya Mehta,Computer Science and Engineering,3rd Year,5,divya.mehta041@smartcampus.edu,9.83,0,91.12,85.5,99.0,4,0,185,204,88.46,0,90.69,57,12,12,100.0,11,3,5,High,5,94.0,96.2,92.9,94.55,85.4,88.2,"Data Structures, Algorithms, Python, System Design, Problem Solving",2026-09-19,4.3,4.5,2026-09-11,96.49,90.69,100.0,100.0,94.55,False,86.52,False,85.5,False,93.86,Low,0,Low,0,On Track: Student maintains exemplary academic standing and career preparation standards.,"Strong Academics, Strong Placement Readiness","Top-tier student excelling in theoretical coursework, exams, and technical recruitment readiness.","Honors mentorship, advanced leadership opportunities, product hackathons, and tier-1 campus placements."
STU1042,Neha Bhat,Information Technology,3rd Year,5,neha.bhat042@smartcampus.edu,7.12,0,71.95,67.4,78.1,4,0,167,204,80.77,0,81.86,28,10,12,83.33,3,2,1,High,2,70.7,66.8,75.8,70.67,78.6,68.5,"Java, Web Development, Database Management, Cloud Basics, Agile",2026-09-20,4.3,3.6,2026-09-12,77.18,81.86,72.4,51.67,70.67,False,74.56,False,72.0,False,72.82,Low,0,Low,0,On Track: Student maintains exemplary academic standing and career preparation standards.,"Strong Academics, Moderate Placement Readiness",High GPA student with solid fundamentals approaching recruitment qualification standards.,Fine-tune advanced algorithmic coding and participate in company-specific mock tests.
STU1043,Sanjay Iyer,Electronics and Communication Engineering,3rd Year,5,sanjay.iyer043@smartcampus.edu,9.62,0,90.18,86.1,94.6,4,0,184,202,84.62,0,91.09,48,11,12,91.67,10,2,3,High,4,92.7,93.5,88.7,91.82,91.8,86.3,"Digital Circuits, Microcontrollers, Embedded C, MATLAB, IoT",2026-09-21,4.6,4.8,2026-09-13,95.15,91.09,93.4,84.17,91.82,False,89.6,False,93.0,False,91.76,Low,0,Low,0,On Track: Student maintains exemplary academic standing and career preparation standards.,"Strong Academics, Strong Placement Readiness","Top-tier student excelling in theoretical coursework, exams, and technical recruitment readiness.","Honors mentorship, advanced leadership opportunities, product hackathons, and tier-1 campus placements."
STU1044,Tejas Deshmukh,Data Science,3rd Year,5,tejas.deshmukh044@smartcampus.edu,4.64,2,44.42,40.0,48.4,4,0,123,202,56.25,4,60.89,9,5,12,41.67,1,0,0,Low,0,39.7,36.2,38.7,38.0,49.8,35.7,"Python, Machine Learning, SQL, Statistics, Data Visualization",2026-09-22,2.9,2.6,2026-09-14,46.53,60.89,32.2,6.5,38.0,False,44.16,False,43.0,False,40.98,High,4,High,5,Dual Critical Risk: Immediate intervention required in both academic standing and recruitment readiness.,Needs Improvement in Multiple Areas,"Student facing critical challenges across coursework, attendance, and recruitment preparedness.","Holistic academic advisory, weekly faculty mentor check-ins, study groups, and foundational skill workshops."
STU1045,Sneha Chatterjee,Mechanical Engineering,2nd Year,3,sneha.chatterjee045@smartcampus.edu,8.37,0,73.75,67.3,79.0,4,0,162,206,76.92,0,78.64,29,9,12,75.0,4,1,2,High,2,70.9,69.0,,69.76,70.7,81.7,"CAD Modeling, Thermodynamics, FEA, MATLAB, Project Management",2026-09-23,3.9,3.8,2026-09-15,83.98,78.64,68.2,53.33,69.81,True,75.1,False,71.0,False,73.6,Low,0,Moderate,1,Monitoring Required: Moderate risk identified in one or more areas; proactive coaching advised.,"Strong Academics, Moderate Placement Readiness",High GPA student with solid fundamentals approaching recruitment qualification standards.,Fine-tune advanced algorithmic coding and participate in company-specific mock tests.
STU1046,Rishi Sengupta,Computer Science and Engineering,4th Year,7,rishi.sengupta046@smartcampus.edu,5.86,1,62.22,57.0,71.1,4,0,146,206,64.81,3,70.87,19,9,12,75.0,0,0,0,Low,1,57.5,54.0,57.2,56.01,62.0,54.2,"Data Structures, Algorithms, Python, System Design, Problem Solving",2026-08-10,3.2,3.3,2026-09-16,62.97,70.87,60.2,9.0,56.01,False,58.88,False,56.5,False,56.08,Moderate,3,Moderate,5,Monitoring Required: Moderate risk identified in one or more areas; proactive coaching advised.,Needs Improvement in Multiple Areas,"Student facing critical challenges across coursework, attendance, and recruitment preparedness.","Holistic academic advisory, weekly faculty mentor check-ins, study groups, and foundational skill workshops."
STU1047,Yash Shetty,Information Technology,3rd Year,5,yash.shetty047@smartcampus.edu,8.3,0,72.75,66.6,76.7,4,0,174,202,82.69,0,86.14,39,10,12,83.33,3,1,2,Medium,2,68.6,67.1,72.7,69.23,82.0,73.1,"Java, Web Development, Database Management, Cloud Basics, Agile",2026-08-11,4.0,3.6,2026-09-17,83.32,86.14,81.2,48.33,69.23,False,78.44,False,69.0,False,75.48,Low,0,Moderate,1,Monitoring Required: Moderate risk identified in one or more areas; proactive coaching advised.,"Strong Academics, Moderate Placement Readiness",High GPA student with solid fundamentals approaching recruitment qualification standards.,Fine-tune advanced algorithmic coding and participate in company-specific mock tests.
STU1048,Deepa Kumar,Electronics and Communication Engineering,2nd Year,3,deepa.kumar048@smartcampus.edu,7.04,0,83.45,79.5,89.4,4,0,163,204,75.0,0,79.9,31,11,12,91.67,5,2,0,Medium,1,75.1,79.8,68.0,74.85,78.4,81.4,"Digital Circuits, Microcontrollers, Embedded C, MATLAB, IoT",2026-08-12,4.4,4.1,2026-09-18,80.24,79.9,79.8,41.67,74.85,False,79.6,False,80.5,False,75.15,Low,0,Low,0,On Track: Student maintains exemplary academic standing and career preparation standards.,"Strong Academics, Moderate Placement Readiness",High GPA student with solid fundamentals approaching recruitment qualification standards.,Fine-tune advanced algorithmic coding and participate in company-specific mock tests.
STU1049,Arjun Narayanan,Data Science,2nd Year,3,arjun.narayanan049@smartcampus.edu,7.59,0,67.23,63.0,73.2,4,0,169,204,79.17,0,82.84,23,10,12,83.33,5,2,2,High,1,83.9,77.8,66.5,76.24,72.3,69.7,"Python, Machine Learning, SQL, Statistics, Data Visualization",2026-08-13,4.1,4.2,2026-09-19,78.12,82.84,68.4,59.17,76.24,False,71.26,False,79.0,False,74.83,Low,0,Low,0,On Track: Student maintains exemplary academic standing and career preparation standards.,"Strong Academics, Strong Placement Readiness","Top-tier student excelling in theoretical coursework, exams, and technical recruitment readiness.","Honors mentorship, advanced leadership opportunities, product hackathons, and tier-1 campus placements."
STU1050,Vikram Deshmukh,Mechanical Engineering,3rd Year,5,vikram.deshmukh050@smartcampus.edu,9.39,0,92.78,90.3,95.6,4,0,191,212,87.04,0,90.09,58,12,12,100.0,5,2,2,High,3,90.8,85.2,90.2,88.38,86.9,90.4,"CAD Modeling, Thermodynamics, FEA, MATLAB, Project Management",2026-08-14,4.8,4.7,2026-09-20,94.78,90.09,100.0,69.17,88.38,False,88.3,False,93.5,False,89.88,Low,0,Low,0,On Track: Student maintains exemplary academic standing and career preparation standards.,"Strong Academics, Strong Placement Readiness","Top-tier student excelling in theoretical coursework, exams, and technical recruitment readiness.","Honors mentorship, advanced leadership opportunities, product hackathons, and tier-1 campus placements."
STU1051,Sneha Patel,Computer Science and Engineering,3rd Year,5,sneha.patel051@smartcampus.edu,7.35,0,75.78,71.4,84.4,4,0,161,206,76.0,0,78.16,38,10,12,83.33,8,2,6,High,2,81.2,94.7,77.6,85.52,92.3,68.3,"Data Structures, Algorithms, Python, System Design, Problem Solving",2026-08-15,3.8,4.1,2026-09-21,79.48,78.16,80.4,86.67,85.52,False,82.7,False,74.5,False,81.29,Low,0,Low,0,On Track: Student maintains exemplary academic standing and career preparation standards.,"Strong Academics, Strong Placement Readiness","Top-tier student excelling in theoretical coursework, exams, and technical recruitment readiness.","Honors mentorship, advanced leadership opportunities, product hackathons, and tier-1 campus placements."
STU1052,Rhea Chatterjee,Information Technology,2nd Year,3,rhea.chatterjee052@smartcampus.edu,6.87,2,56.1,52.7,59.4,4,0,149,210,66.67,4,70.95,23,7,12,58.33,2,0,0,Medium,0,59.6,52.6,65.4,58.54,59.3,64.1,"Java, Web Development, Database Management, Cloud Basics, Agile",2026-08-16,3.3,2.8,2026-09-22,61.18,70.95,53.4,12.5,58.54,False,61.22,False,50.0,False,55.58,High,4,Moderate,4,Academic Priority: Academic remediation (clearing backlogs and boosting attendance) must take precedence.,Needs Improvement in Multiple Areas,"Student facing critical challenges across coursework, attendance, and recruitment preparedness.","Holistic academic advisory, weekly faculty mentor check-ins, study groups, and foundational skill workshops."
STU1053,Vikram Rao,Electronics and Communication Engineering,3rd Year,5,vikram.rao053@smartcampus.edu,4.63,3,45.6,40.5,54.8,4,0,119,202,55.77,4,58.91,9,6,12,50.0,1,0,0,Low,0,47.3,42.1,46.6,45.01,46.5,37.5,"Digital Circuits, Microcontrollers, Embedded C, MATLAB, IoT",2026-08-17,2.4,2.2,2026-09-23,41.83,58.91,37.2,6.5,45.01,False,42.9,False,32.0,False,40.37,High,4,High,5,Dual Critical Risk: Immediate intervention required in both academic standing and recruitment readiness.,Needs Improvement in Multiple Areas,"Student facing critical challenges across coursework, attendance, and recruitment preparedness.","Holistic academic advisory, weekly faculty mentor check-ins, study groups, and foundational skill workshops."
STU1054,Zoya Deshmukh,Data Science,2nd Year,3,zoya.deshmukh054@smartcampus.edu,4.93,2,35.55,31.6,40.3,4,3,122,214,55.56,4,57.01,13,4,12,33.33,1,0,0,Low,0,44.5,37.3,39.7,40.18,45.8,46.8,"Python, Machine Learning, SQL, Statistics, Data Visualization",2026-08-18,3.0,2.1,2026-09-24,45.32,57.01,30.4,6.5,40.18,False,46.2,False,36.5,False,40.07,High,5,High,5,Dual Critical Risk: Immediate intervention required in both academic standing and recruitment readiness.,Needs Improvement in Multiple Areas,"Student facing critical challenges across coursework, attendance, and recruitment preparedness.","Holistic academic advisory, weekly faculty mentor check-ins, study groups, and foundational skill workshops."
STU1055,Sangeetha Nair,Mechanical Engineering,3rd Year,5,sangeetha.nair055@smartcampus.edu,7.78,0,83.47,78.5,85.9,4,0,153,208,70.37,3,73.56,29,10,12,83.33,5,2,2,Medium,1,75.3,68.2,65.9,69.64,73.7,73.8,"CAD Modeling, Thermodynamics, FEA, MATLAB, Project Management",2026-08-19,4.4,4.0,2026-09-25,83.94,73.56,73.2,56.67,69.64,False,73.74,False,79.0,False,74.1,Moderate,1,Moderate,1,Monitoring Required: Moderate risk identified in one or more areas; proactive coaching advised.,"Strong Academics, Moderate Placement Readiness",High GPA student with solid fundamentals approaching recruitment qualification standards.,Fine-tune advanced algorithmic coding and participate in company-specific mock tests.
STU1056,Siddharth Nair,Computer Science and Engineering,2nd Year,3,siddharth.nair056@smartcampus.edu,4.1,2,43.57,40.8,47.9,4,0,127,200,61.54,4,63.5,11,6,12,50.0,0,0,0,Low,0,49.9,46.7,41.7,46.16,47.6,43.9,"Data Structures, Algorithms, Python, System Design, Problem Solving",2026-08-20,,2.1,2026-09-26,43.57,63.5,38.8,4.0,46.16,False,46.12,False,27.5,True,41.66,High,4,High,5,Dual Critical Risk: Immediate intervention required in both academic standing and recruitment readiness.,Needs Improvement in Multiple Areas,"Student facing critical challenges across coursework, attendance, and recruitment preparedness.","Holistic academic advisory, weekly faculty mentor check-ins, study groups, and foundational skill workshops."
STU1057,Sanjay Rajan,Information Technology,3rd Year,5,sanjay.rajan057@smartcampus.edu,9.77,0,89.65,83.7,96.8,4,0,193,202,92.0,0,95.54,59,12,12,100.0,6,3,3,High,5,87.1,95.2,90.0,91.21,91.2,87.1,"Java, Web Development, Database Management, Cloud Basics, Agile",2026-08-21,4.6,4.6,2026-09-27,95.74,95.54,100.0,87.5,91.21,False,89.56,False,90.0,False,93.21,Low,0,Low,0,On Track: Student maintains exemplary academic standing and career preparation standards.,"Strong Academics, Strong Placement Readiness","Top-tier student excelling in theoretical coursework, exams, and technical recruitment readiness.","Honors mentorship, advanced leadership opportunities, product hackathons, and tier-1 campus placements."
STU1058,Siddharth Rajan,Electronics and Communication Engineering,3rd Year,5,siddharth.rajan058@smartcampus.edu,9.0,0,82.65,79.7,84.7,4,0,171,196,84.0,0,87.24,42,12,12,100.0,8,3,5,High,4,95.7,86.7,94.1,91.62,95.2,88.3,"Digital Circuits, Microcontrollers, Embedded C, MATLAB, IoT",2026-08-22,4.7,4.8,2026-09-28,89.8,87.24,93.6,100.0,91.62,False,92.44,False,94.0,False,91.83,Low,0,Low,0,On Track: Student maintains exemplary academic standing and career preparation standards.,"Strong Academics, Strong Placement Readiness","Top-tier student excelling in theoretical coursework, exams, and technical recruitment readiness.","Honors mentorship, advanced leadership opportunities, product hackathons, and tier-1 campus placements."
STU1059,Manish Balakrishnan,Data Science,4th Year,7,manish.balakrishnan059@smartcampus.edu,9.81,0,86.15,83.8,89.9,4,0,192,210,87.04,0,91.43,53,12,12,100.0,9,3,4,High,4,85.0,85.2,90.4,86.7,89.0,87.0,"Python, Machine Learning, SQL, Statistics, Data Visualization",2026-08-23,4.7,4.4,2026-09-29,94.9,91.43,100.0,100.0,86.7,False,88.2,False,88.0,False,92.4,Low,0,Low,0,On Track: Student maintains exemplary academic standing and career preparation standards.,"Strong Academics, Strong Placement Readiness","Top-tier student excelling in theoretical coursework, exams, and technical recruitment readiness.","Honors mentorship, advanced leadership opportunities, product hackathons, and tier-1 campus placements."
STU1060,Indira Gupta,Mechanical Engineering,2nd Year,3,indira.gupta060@smartcampus.edu,7.27,0,75.3,72.0,79.7,4,0,170,212,74.07,1,80.19,25,11,12,91.67,5,1,0,Medium,1,78.0,74.0,72.2,74.66,70.0,82.2,"CAD Modeling, Thermodynamics, FEA, MATLAB, Project Management",2026-08-24,3.9,3.8,2026-09-30,78.94,80.19,75.0,33.33,74.66,False,74.88,False,71.0,False,72.19,Low,0,Low,0,On Track: Student maintains exemplary academic standing and career preparation standards.,"Strong Academics, Moderate Placement Readiness",High GPA student with solid fundamentals approaching recruitment qualification standards.,Fine-tune advanced algorithmic coding and participate in company-specific mock tests.
STU1061,Rishi Nair,Computer Science and Engineering,3rd Year,5,rishi.nair061@smartcampus.edu,7.8,0,66.22,57.8,73.4,4,0,146,196,68.75,2,74.49,39,9,12,75.0,2,1,1,Medium,1,69.8,74.3,72.7,72.47,80.7,69.6,"Data Structures, Algorithms, Python, System Design, Problem Solving",2026-08-25,3.9,3.7,2026-09-01,78.87,74.49,76.2,33.33,72.47,False,76.26,False,69.5,False,71.05,Moderate,1,Low,0,Monitoring Required: Moderate risk identified in one or more areas; proactive coaching advised.,"Strong Academics, Moderate Placement Readiness",High GPA student with solid fundamentals approaching recruitment qualification standards.,Fine-tune advanced algorithmic coding and participate in company-specific mock tests.
STU1062,Zoya Patel,Information Technology,2nd Year,3,zoya.patel062@smartcampus.edu,8.43,0,70.5,67.4,73.1,4,0,179,208,84.0,0,86.06,22,10,12,83.33,5,2,0,Medium,2,68.6,80.3,,75.62,77.6,78.5,"Java, Web Development, Database Management, Cloud Basics, Agile",2026-08-26,4.3,4.1,2026-09-02,83.3,86.06,67.6,46.67,75.29,True,77.96,False,79.5,False,75.93,Low,0,Low,0,On Track: Student maintains exemplary academic standing and career preparation standards.,"Strong Academics, Strong Placement Readiness","Top-tier student excelling in theoretical coursework, exams, and technical recruitment readiness.","Honors mentorship, advanced leadership opportunities, product hackathons, and tier-1 campus placements."
STU1063,Chetan Gowda,Electronics and Communication Engineering,4th Year,7,chetan.gowda063@smartcampus.edu,5.62,1,52.3,49.5,57.4,4,0,134,200,66.0,4,67.0,19,6,12,50.0,0,1,0,Low,0,66.9,65.5,65.1,65.8,63.8,57.3,"Digital Circuits, Microcontrollers, Embedded C, MATLAB, IoT",2026-08-27,3.2,3.2,2026-09-03,58.79,67.0,45.2,12.33,65.8,False,61.2,False,55.0,False,55.4,Moderate,4,Moderate,2,Monitoring Required: Moderate risk identified in one or more areas; proactive coaching advised.,Needs Academic Improvement,Moderate placement skills but vulnerable academic standing (low CGPA or backlogs).,"Prioritize academic stabilization, mandatory faculty tutoring, and assignment completion."
STU1064,Karthik Nair,Data Science,4th Year,7,karthik.nair064@smartcampus.edu,8.44,0,80.58,76.4,85.3,4,0,165,210,74.07,1,78.57,31,9,12,75.0,5,2,2,High,2,75.8,80.6,73.9,77.15,77.2,70.5,"Python, Machine Learning, SQL, Statistics, Data Visualization",2026-08-28,3.5,3.7,2026-09-04,86.37,78.57,69.8,64.17,77.15,False,74.52,False,65.5,False,76.39,Low,0,Low,0,On Track: Student maintains exemplary academic standing and career preparation standards.,"Strong Academics, Strong Placement Readiness","Top-tier student excelling in theoretical coursework, exams, and technical recruitment readiness.","Honors mentorship, advanced leadership opportunities, product hackathons, and tier-1 campus placements."
STU1065,Naveen Narayanan,Mechanical Engineering,2nd Year,3,naveen.narayanan065@smartcampus.edu,8.01,0,69.4,64.5,76.0,4,0,171,212,77.78,0,80.66,24,10,12,83.33,5,2,2,High,1,76.7,75.8,68.8,73.97,82.7,80.0,"CAD Modeling, Thermodynamics, FEA, MATLAB, Project Management",2026-08-29,4.0,3.7,2026-09-05,80.87,80.66,69.2,59.17,73.97,False,81.62,False,70.5,False,75.38,Low,0,Low,0,On Track: Student maintains exemplary academic standing and career preparation standards.,"Strong Academics, Moderate Placement Readiness",High GPA student with solid fundamentals approaching recruitment qualification standards.,Fine-tune advanced algorithmic coding and participate in company-specific mock tests.
STU1066,Manish Mehta,Computer Science and Engineering,3rd Year,5,manish.mehta066@smartcampus.edu,7.14,0,77.72,74.2,81.1,4,0,175,208,80.77,0,84.13,33,9,12,75.0,3,1,0,Medium,3,72.8,74.6,76.7,74.69,81.1,78.2,"Data Structures, Algorithms, Python, System Design, Problem Solving",2026-08-30,4.2,3.7,2026-09-06,79.02,84.13,71.4,38.33,74.69,False,79.94,False,72.5,False,73.68,Low,0,Low,0,On Track: Student maintains exemplary academic standing and career preparation standards.,"Strong Academics, Moderate Placement Readiness",High GPA student with solid fundamentals approaching recruitment qualification standards.,Fine-tune advanced algorithmic coding and participate in company-specific mock tests.
STU1067,Dev Deshmukh,Information Technology,4th Year,7,dev.deshmukh067@smartcampus.edu,9.52,0,87.05,83.7,90.5,4,0,192,210,82.0,0,91.43,48,12,12,100.0,5,3,5,High,4,96.0,95.9,93.7,95.27,85.1,91.7,"Java, Web Development, Database Management, Cloud Basics, Agile",2026-08-31,4.8,4.8,2026-09-07,93.71,91.43,98.4,92.5,95.27,False,87.74,False,95.0,False,93.41,Low,0,Low,0,On Track: Student maintains exemplary academic standing and career preparation standards.,"Strong Academics, Strong Placement Readiness","Top-tier student excelling in theoretical coursework, exams, and technical recruitment readiness.","Honors mentorship, advanced leadership opportunities, product hackathons, and tier-1 campus placements."
STU1068,Dinesh Mehta,Electronics and Communication Engineering,3rd Year,5,dinesh.mehta068@smartcampus.edu,5.8,0,55.42,48.3,61.3,4,0,149,202,70.0,2,73.76,18,6,12,50.0,1,1,1,Low,1,51.6,58.6,57.7,56.23,61.6,53.0,"Digital Circuits, Microcontrollers, Embedded C, MATLAB, IoT",2026-09-01,3.3,3.2,2026-09-08,65.63,73.76,44.4,27.33,56.23,False,58.16,False,56.0,False,57.35,Moderate,3,Moderate,5,Monitoring Required: Moderate risk identified in one or more areas; proactive coaching advised.,Needs Placement Preparation,Steady academic foundation but underprepared for competitive placement assessments.,"Enroll in structured placement training modules, aptitude test series, and resume building."
STU1069,Tejas Kulkarni,Data Science,3rd Year,5,tejas.kulkarni069@smartcampus.edu,8.67,0,93.82,89.9,99.0,4,0,190,202,87.5,0,94.06,45,12,12,100.0,8,3,4,High,3,86.9,89.3,88.1,88.22,86.0,84.9,"Python, Machine Learning, SQL, Statistics, Data Visualization",2026-09-02,4.7,4.8,2026-09-09,91.5,94.06,96.0,100.0,88.22,False,85.56,False,94.0,False,92.02,Low,0,Low,0,On Track: Student maintains exemplary academic standing and career preparation standards.,"Strong Academics, Strong Placement Readiness","Top-tier student excelling in theoretical coursework, exams, and technical recruitment readiness.","Honors mentorship, advanced leadership opportunities, product hackathons, and tier-1 campus placements."
STU1070,Shreya Bhat,Mechanical Engineering,2nd Year,3,shreya.bhat070@smartcampus.edu,7.17,0,68.9,62.5,75.3,4,0,143,204,62.0,3,70.1,45,10,12,83.33,8,1,4,High,3,83.6,93.9,81.7,87.15,90.7,77.3,"CAD Modeling, Thermodynamics, FEA, MATLAB, Project Management",2026-09-03,3.9,3.9,2026-09-10,76.52,70.1,86.0,83.33,87.15,False,85.34,False,72.5,False,80.05,Moderate,1,Low,0,Monitoring Required: Moderate risk identified in one or more areas; proactive coaching advised.,"Strong Academics, Strong Placement Readiness","Top-tier student excelling in theoretical coursework, exams, and technical recruitment readiness.","Honors mentorship, advanced leadership opportunities, product hackathons, and tier-1 campus placements."
STU1071,Aditi Sengupta,Computer Science and Engineering,2nd Year,3,aditi.sengupta071@smartcampus.edu,6.57,0,53.95,43.3,60.9,4,0,148,206,68.75,3,71.84,15,9,12,75.0,0,1,0,Low,0,54.8,52.7,54.0,53.72,65.6,55.7,"Data Structures, Algorithms, Python, System Design, Problem Solving",2026-09-04,3.0,3.4,2026-09-11,69.04,71.84,57.0,12.33,53.72,False,61.64,False,56.0,False,57.59,Moderate,2,Moderate,5,Monitoring Required: Moderate risk identified in one or more areas; proactive coaching advised.,Needs Placement Preparation,Steady academic foundation but underprepared for competitive placement assessments.,"Enroll in structured placement training modules, aptitude test series, and resume building."
STU1072,Karthik Sengupta,Information Technology,4th Year,7,karthik.sengupta072@smartcampus.edu,8.63,0,96.53,93.8,99.0,4,0,196,208,92.59,0,94.23,54,12,12,100.0,9,3,3,High,4,94.5,97.8,85.6,93.15,92.2,84.6,"Java, Web Development, Database Management, Cloud Basics, Agile",2026-09-05,4.7,4.6,2026-09-12,92.11,94.23,100.0,92.5,93.15,False,89.16,False,91.0,False,93.02,Low,0,Low,0,On Track: Student maintains exemplary academic standing and career preparation standards.,"Strong Academics, Strong Placement Readiness","Top-tier student excelling in theoretical coursework, exams, and technical recruitment readiness.","Honors mentorship, advanced leadership opportunities, product hackathons, and tier-1 campus placements."
STU1073,Sneha Swaminathan,Electronics and Communication Engineering,4th Year,7,sneha.swaminathan073@smartcampus.edu,9.3,0,82.17,80.0,83.3,4,0,195,206,92.0,0,94.66,41,12,12,100.0,7,2,4,High,4,92.1,93.0,85.2,90.39,94.3,,"Digital Circuits, Microcontrollers, Embedded C, MATLAB, IoT",2026-09-06,4.3,4.8,2026-09-13,91.15,94.66,92.8,89.17,90.39,False,94.3,True,90.0,False,91.78,Low,0,Low,0,On Track: Student maintains exemplary academic standing and career preparation standards.,"Strong Academics, Strong Placement Readiness","Top-tier student excelling in theoretical coursework, exams, and technical recruitment readiness.","Honors mentorship, advanced leadership opportunities, product hackathons, and tier-1 campus placements."
STU1074,Amrita Reddy,Data Science,3rd Year,5,amrita.reddy074@smartcampus.edu,6.0,2,59.35,54.2,65.6,4,0,155,208,70.83,3,74.52,18,6,12,50.0,3,1,0,Medium,1,50.3,50.3,60.6,53.39,54.4,55.8,"Python, Machine Learning, SQL, Statistics, Data Visualization",2026-09-07,3.7,3.2,2026-09-14,57.8,74.52,44.4,28.33,53.39,False,54.96,False,60.0,False,54.97,High,4,High,5,Dual Critical Risk: Immediate intervention required in both academic standing and recruitment readiness.,Needs Improvement in Multiple Areas,"Student facing critical challenges across coursework, attendance, and recruitment preparedness.","Holistic academic advisory, weekly faculty mentor check-ins, study groups, and foundational skill workshops."
STU1075,Tarun Joshi,Mechanical Engineering,3rd Year,5,tarun.joshi075@smartcampus.edu,6.02,1,51.88,49.2,55.7,4,0,148,210,67.31,4,70.48,16,8,12,66.67,2,1,1,Low,0,63.5,58.4,60.2,60.47,64.0,57.9,"CAD Modeling, Thermodynamics, FEA, MATLAB, Project Management",2026-09-08,3.6,3.2,2026-09-15,60.66,70.48,52.8,24.83,60.47,False,61.56,False,59.0,False,57.7,Moderate,4,Moderate,5,Monitoring Required: Moderate risk identified in one or more areas; proactive coaching advised.,Needs Improvement in Multiple Areas,"Student facing critical challenges across coursework, attendance, and recruitment preparedness.","Holistic academic advisory, weekly faculty mentor check-ins, study groups, and foundational skill workshops."
STU1076,Naveen Bose,Computer Science and Engineering,3rd Year,5,naveen.bose076@smartcampus.edu,6.12,1,65.72,63.4,68.3,4,0,137,210,62.0,4,65.24,23,8,12,66.67,1,0,1,Medium,0,52.1,61.1,55.2,56.63,67.0,66.7,"Data Structures, Algorithms, Python, System Design, Problem Solving",2026-09-09,3.4,2.9,2026-09-16,65.32,65.24,58.4,17.5,56.63,False,66.88,False,52.5,False,57.26,Moderate,4,Moderate,5,Monitoring Required: Moderate risk identified in one or more areas; proactive coaching advised.,Needs Placement Preparation,Steady academic foundation but underprepared for competitive placement assessments.,"Enroll in structured placement training modules, aptitude test series, and resume building."
STU1077,Aarav Rajan,Information Technology,3rd Year,5,aarav.rajan077@smartcampus.edu,6.88,2,56.12,50.2,60.5,4,0,158,208,73.08,1,75.96,19,7,12,58.33,1,0,1,Low,0,62.1,62.9,51.6,59.27,55.6,54.1,"Java, Web Development, Database Management, Cloud Basics, Agile",2026-09-10,3.1,3.2,2026-09-17,61.24,75.96,50.2,14.0,59.27,False,55.0,False,54.0,False,55.9,High,3,Moderate,5,Academic Priority: Academic remediation (clearing backlogs and boosting attendance) must take precedence.,Needs Improvement in Multiple Areas,"Student facing critical challenges across coursework, attendance, and recruitment preparedness.","Holistic academic advisory, weekly faculty mentor check-ins, study groups, and foundational skill workshops."
STU1078,Siddharth Kulkarni,Electronics and Communication Engineering,4th Year,7,siddharth.kulkarni078@smartcampus.edu,8.76,0,87.1,84.5,90.3,4,0,198,208,92.0,0,95.19,47,11,12,91.67,11,2,3,High,3,93.5,97.9,83.0,92.11,85.8,86.4,"Digital Circuits, Microcontrollers, Embedded C, MATLAB, IoT",2026-09-11,4.9,4.5,2026-09-18,89.93,95.19,92.6,84.17,92.11,False,86.04,False,91.5,False,90.5,Low,0,Low,0,On Track: Student maintains exemplary academic standing and career preparation standards.,"Strong Academics, Strong Placement Readiness","Top-tier student excelling in theoretical coursework, exams, and technical recruitment readiness.","Honors mentorship, advanced leadership opportunities, product hackathons, and tier-1 campus placements."
STU1079,Nikhil Kulkarni,Data Science,4th Year,7,nikhil.kulkarni079@smartcampus.edu,7.09,0,78.25,75.8,81.8,4,0,172,198,83.33,0,86.87,27,11,12,91.67,4,1,2,Medium,2,75.4,79.7,74.3,76.79,73.7,83.6,"Python, Machine Learning, SQL, Statistics, Data Visualization",2026-09-12,3.6,3.9,2026-09-19,78.92,86.87,76.6,50.83,76.79,False,77.66,False,69.5,False,75.74,Low,0,Low,0,On Track: Student maintains exemplary academic standing and career preparation standards.,"Strong Academics, Strong Placement Readiness","Top-tier student excelling in theoretical coursework, exams, and technical recruitment readiness.","Honors mentorship, advanced leadership opportunities, product hackathons, and tier-1 campus placements."
STU1080,Janani Gowda,Mechanical Engineering,4th Year,7,janani.gowda080@smartcampus.edu,8.95,0,82.5,78.4,89.4,4,0,196,208,90.0,0,94.23,45,11,12,91.67,8,3,2,High,4,85.6,92.4,86.0,88.44,94.1,83.0,"CAD Modeling, Thermodynamics, FEA, MATLAB, Project Management",2026-09-13,,4.8,2026-09-20,89.5,94.23,91.0,85.0,88.44,False,89.66,False,95.0,True,90.16,Low,0,Low,0,On Track: Student maintains exemplary academic standing and career preparation standards.,"Strong Academics, Strong Placement Readiness","Top-tier student excelling in theoretical coursework, exams, and technical recruitment readiness.","Honors mentorship, advanced leadership opportunities, product hackathons, and tier-1 campus placements."
STU1081,Varun Shetty,Computer Science and Engineering,3rd Year,5,varun.shetty081@smartcampus.edu,4.45,3,47.05,46.2,48.2,4,0,117,206,53.7,4,56.8,8,3,12,25.0,0,0,0,Low,0,45.3,39.5,32.6,39.17,48.0,36.1,"Data Structures, Algorithms, Python, System Design, Problem Solving",2026-09-14,3.0,2.0,2026-09-21,41.36,56.8,21.4,4.0,39.17,False,43.24,False,35.0,False,37.22,High,4,High,5,Dual Critical Risk: Immediate intervention required in both academic standing and recruitment readiness.,Needs Improvement in Multiple Areas,"Student facing critical challenges across coursework, attendance, and recruitment preparedness.","Holistic academic advisory, weekly faculty mentor check-ins, study groups, and foundational skill workshops."
STU1082,Priya Nair,Information Technology,2nd Year,3,priya.nair082@smartcampus.edu,8.42,0,76.25,73.5,77.9,4,0,164,208,76.0,0,78.85,25,11,12,91.67,4,2,1,High,3,78.4,81.2,75.2,78.56,79.2,76.1,"Java, Web Development, Database Management, Cloud Basics, Agile",2026-09-15,4.1,3.7,2026-09-22,84.98,78.85,75.0,59.17,78.56,False,77.96,False,71.5,False,77.28,Low,0,Low,0,On Track: Student maintains exemplary academic standing and career preparation standards.,"Strong Academics, Strong Placement Readiness","Top-tier student excelling in theoretical coursework, exams, and technical recruitment readiness.","Honors mentorship, advanced leadership opportunities, product hackathons, and tier-1 campus placements."
STU1083,Chaithra Swaminathan,Electronics and Communication Engineering,2nd Year,3,chaithra.swaminathan083@smartcampus.edu,7.92,0,73.65,69.1,75.8,4,0,164,212,75.93,0,77.36,34,9,12,75.0,3,1,1,Medium,3,81.5,69.8,72.9,74.24,74.6,71.5,"Digital Circuits, Microcontrollers, Embedded C, MATLAB, IoT",2026-09-16,3.9,3.6,2026-09-23,81.7,77.36,72.2,45.83,74.24,False,73.36,False,68.0,False,72.92,Low,0,Low,0,On Track: Student maintains exemplary academic standing and career preparation standards.,"Strong Academics, Moderate Placement Readiness",High GPA student with solid fundamentals approaching recruitment qualification standards.,Fine-tune advanced algorithmic coding and participate in company-specific mock tests.
STU1084,Naveen Bhat,Data Science,4th Year,7,naveen.bhat084@smartcampus.edu,9.44,0,87.75,79.5,96.5,4,0,174,198,85.42,0,87.88,53,11,12,91.67,8,2,5,High,3,94.3,92.9,86.3,91.34,94.1,94.4,"Python, Machine Learning, SQL, Statistics, Data Visualization",2026-09-17,4.9,4.3,2026-09-24,93.52,87.88,95.0,91.67,91.34,False,94.22,False,88.5,False,91.88,Low,0,Low,0,On Track: Student maintains exemplary academic standing and career preparation standards.,"Strong Academics, Strong Placement Readiness","Top-tier student excelling in theoretical coursework, exams, and technical recruitment readiness.","Honors mentorship, advanced leadership opportunities, product hackathons, and tier-1 campus placements."
STU1085,Aarav Mehta,Mechanical Engineering,3rd Year,5,aarav.mehta085@smartcampus.edu,7.18,0,82.22,77.9,85.3,4,0,163,198,78.85,0,82.32,22,10,12,83.33,4,1,0,High,3,78.3,76.0,80.1,77.92,77.0,76.0,"CAD Modeling, Thermodynamics, FEA, MATLAB, Project Management",2026-09-18,3.6,3.7,2026-09-25,80.57,82.32,67.6,43.33,77.92,False,76.6,False,66.5,False,73.68,Low,0,Low,0,On Track: Student maintains exemplary academic standing and career preparation standards.,"Strong Academics, Strong Placement Readiness","Top-tier student excelling in theoretical coursework, exams, and technical recruitment readiness.","Honors mentorship, advanced leadership opportunities, product hackathons, and tier-1 campus placements."
STU1086,Yash Ghosh,Computer Science and Engineering,2nd Year,3,yash.ghosh086@smartcampus.edu,7.67,0,75.72,71.5,83.8,4,0,147,196,72.0,2,75.0,26,9,12,75.0,3,1,2,Medium,3,81.1,66.1,71.6,72.25,80.8,74.5,"Data Structures, Algorithms, Python, System Design, Problem Solving",2026-09-19,3.6,4.0,2026-09-26,81.07,75.0,65.8,53.33,72.25,False,78.28,False,71.0,False,72.95,Low,0,Low,0,On Track: Student maintains exemplary academic standing and career preparation standards.,"Strong Academics, Moderate Placement Readiness",High GPA student with solid fundamentals approaching recruitment qualification standards.,Fine-tune advanced algorithmic coding and participate in company-specific mock tests.
STU1087,Akhil Reddy,Information Technology,2nd Year,3,akhil.reddy087@smartcampus.edu,6.75,0,49.62,44.9,56.8,4,0,142,204,66.0,3,69.61,23,6,12,50.0,3,0,1,Low,0,52.4,64.0,55.5,57.97,54.3,52.4,"Java, Web Development, Database Management, Cloud Basics, Agile",2026-09-20,3.4,3.3,2026-09-27,68.64,69.61,48.4,19.0,57.97,False,53.54,False,58.5,False,57.04,Moderate,3,High,5,Career Priority: Strong/moderate academics but requires urgent placement preparation (coding & aptitude drills).,Needs Placement Preparation,Steady academic foundation but underprepared for competitive placement assessments.,"Enroll in structured placement training modules, aptitude test series, and resume building."
STU1088,Ashwin Balakrishnan,Electronics and Communication Engineering,3rd Year,5,ashwin.balakrishnan088@smartcampus.edu,8.48,0,74.73,70.2,79.4,4,0,163,204,75.0,0,79.9,34,10,12,83.33,2,2,2,Medium,1,74.1,65.7,65.5,68.16,73.8,70.6,"Digital Circuits, Microcontrollers, Embedded C, MATLAB, IoT",2026-09-21,3.5,4.2,2026-09-28,84.82,79.9,77.2,49.17,68.16,False,72.52,False,73.0,False,74.0,Low,0,Moderate,1,Monitoring Required: Moderate risk identified in one or more areas; proactive coaching advised.,"Strong Academics, Moderate Placement Readiness",High GPA student with solid fundamentals approaching recruitment qualification standards.,Fine-tune advanced algorithmic coding and participate in company-specific mock tests.
STU1089,Vidya Kumar,Data Science,2nd Year,3,vidya.kumar089@smartcampus.edu,4.54,2,47.25,41.3,49.7,4,0,99,200,48.0,4,49.5,6,3,12,25.0,1,0,0,Low,0,47.1,36.4,,40.68,45.6,38.0,"Python, Machine Learning, SQL, Statistics, Data Visualization",2026-09-22,2.5,2.7,2026-09-29,46.88,49.5,19.8,6.5,40.99,True,42.56,False,40.5,False,38.32,High,4,High,4,Dual Critical Risk: Immediate intervention required in both academic standing and recruitment readiness.,Needs Improvement in Multiple Areas,"Student facing critical challenges across coursework, attendance, and recruitment preparedness.","Holistic academic advisory, weekly faculty mentor check-ins, study groups, and foundational skill workshops."
STU1090,Deepa Kumar,Mechanical Engineering,2nd Year,3,deepa.kumar090@smartcampus.edu,8.1,0,71.58,69.9,72.8,4,0,158,200,75.0,0,79.0,26,11,12,91.67,2,2,0,Medium,2,71.6,81.4,80.5,78.19,78.8,76.5,"CAD Modeling, Thermodynamics, FEA, MATLAB, Project Management",2026-09-23,4.3,3.7,2026-09-30,81.97,79.0,75.8,39.17,78.19,False,77.88,False,73.5,False,74.7,Low,0,Low,0,On Track: Student maintains exemplary academic standing and career preparation standards.,"Strong Academics, Strong Placement Readiness","Top-tier student excelling in theoretical coursework, exams, and technical recruitment readiness.","Honors mentorship, advanced leadership opportunities, product hackathons, and tier-1 campus placements."
STU1091,Gautam Patel,Computer Science and Engineering,3rd Year,5,gautam.patel091@smartcampus.edu,9.68,0,87.18,83.0,94.8,4,0,196,206,91.67,0,95.15,45,12,12,100.0,10,3,4,High,5,92.9,96.9,87.1,92.76,93.0,93.6,"Data Structures, Algorithms, Python, System Design, Problem Solving",2026-08-10,4.6,4.6,2026-09-01,94.55,95.15,96.0,100.0,92.76,False,93.24,False,90.0,False,94.45,Low,0,Low,0,On Track: Student maintains exemplary academic standing and career preparation standards.,"Strong Academics, Strong Placement Readiness","Top-tier student excelling in theoretical coursework, exams, and technical recruitment readiness.","Honors mentorship, advanced leadership opportunities, product hackathons, and tier-1 campus placements."
STU1092,Vignesh Shetty,Information Technology,3rd Year,5,vignesh.shetty092@smartcampus.edu,5.54,2,65.8,60.9,68.0,4,0,139,198,69.23,4,70.2,13,9,12,75.0,1,0,1,Medium,1,52.3,53.4,55.7,53.76,64.1,56.2,"Java, Web Development, Database Management, Cloud Basics, Agile",2026-08-11,3.0,3.6,2026-09-02,57.44,70.2,55.4,22.5,53.76,False,60.94,False,59.0,False,55.46,High,3,Moderate,5,Academic Priority: Academic remediation (clearing backlogs and boosting attendance) must take precedence.,Needs Improvement in Multiple Areas,"Student facing critical challenges across coursework, attendance, and recruitment preparedness.","Holistic academic advisory, weekly faculty mentor check-ins, study groups, and foundational skill workshops."
STU1093,Dev Swaminathan,Electronics and Communication Engineering,3rd Year,5,dev.swaminathan093@smartcampus.edu,6.42,1,60.28,56.6,66.2,4,0,157,206,74.07,1,76.21,19,8,12,66.67,0,1,1,Low,1,50.4,53.5,58.8,54.16,61.5,60.7,"Digital Circuits, Microcontrollers, Embedded C, MATLAB, IoT",2026-08-12,3.4,2.8,2026-09-03,65.18,76.21,55.2,24.83,54.16,False,61.18,False,51.0,False,57.98,Moderate,3,Moderate,5,Monitoring Required: Moderate risk identified in one or more areas; proactive coaching advised.,Needs Placement Preparation,Steady academic foundation but underprepared for competitive placement assessments.,"Enroll in structured placement training modules, aptitude test series, and resume building."
STU1094,Kiran Nair,Data Science,2nd Year,3,kiran.nair094@smartcampus.edu,7.32,0,75.25,73.4,76.7,4,0,179,202,83.33,0,88.61,35,10,12,83.33,4,1,1,Medium,1,81.5,74.3,68.7,74.78,68.5,71.4,"Python, Machine Learning, SQL, Statistics, Data Visualization",2026-08-13,3.9,4.2,2026-09-04,79.18,88.61,78.0,38.33,74.78,False,69.66,False,77.0,False,74.19,Low,0,Moderate,1,Monitoring Required: Moderate risk identified in one or more areas; proactive coaching advised.,"Strong Academics, Moderate Placement Readiness",High GPA student with solid fundamentals approaching recruitment qualification standards.,Fine-tune advanced algorithmic coding and participate in company-specific mock tests.
STU1095,Uma Bhat,Mechanical Engineering,3rd Year,5,uma.bhat095@smartcampus.edu,6.15,0,55.73,52.8,60.9,4,0,141,208,64.58,4,67.79,15,6,12,50.0,2,0,1,Low,0,54.8,50.4,60.1,54.63,52.8,63.2,"CAD Modeling, Thermodynamics, FEA, MATLAB, Project Management",2026-08-14,3.1,2.8,2026-09-05,67.47,67.79,42.0,16.5,54.63,False,56.96,False,48.0,False,54.49,Moderate,3,High,5,Career Priority: Strong/moderate academics but requires urgent placement preparation (coding & aptitude drills).,Needs Placement Preparation,Steady academic foundation but underprepared for competitive placement assessments.,"Enroll in structured placement training modules, aptitude test series, and resume building."
STU1096,Neha Singh,Computer Science and Engineering,2nd Year,3,neha.singh096@smartcampus.edu,7.41,0,72.57,68.0,75.1,4,0,177,208,81.48,0,85.1,25,10,12,83.33,4,1,0,Medium,2,74.0,81.4,66.5,74.71,78.3,75.9,"Data Structures, Algorithms, Python, System Design, Problem Solving",2026-08-15,3.8,4.1,2026-09-06,78.82,85.1,70.0,35.83,74.71,False,77.34,False,74.5,False,73.24,Low,0,Low,0,On Track: Student maintains exemplary academic standing and career preparation standards.,"Strong Academics, Moderate Placement Readiness",High GPA student with solid fundamentals approaching recruitment qualification standards.,Fine-tune advanced algorithmic coding and participate in company-specific mock tests.
STU1097,Manish Rao,Information Technology,3rd Year,5,manish.rao097@smartcampus.edu,7.97,0,74.97,69.7,78.6,4,0,167,214,75.93,0,78.04,37,11,12,91.67,5,2,0,Medium,2,78.2,78.1,65.0,74.2,80.9,71.0,"Java, Web Development, Database Management, Cloud Basics, Agile",2026-08-16,4.0,3.9,2026-09-07,82.34,78.04,84.6,46.67,74.2,False,76.94,False,73.5,False,75.37,Low,0,Low,0,On Track: Student maintains exemplary academic standing and career preparation standards.,"Strong Academics, Moderate Placement Readiness",High GPA student with solid fundamentals approaching recruitment qualification standards.,Fine-tune advanced algorithmic coding and participate in company-specific mock tests.
STU1098,Priya Das,Electronics and Communication Engineering,3rd Year,5,priya.das098@smartcampus.edu,7.19,0,82.17,71.1,93.5,4,0,168,202,80.77,0,83.17,33,9,12,75.0,5,2,1,Medium,1,72.6,71.3,66.0,70.1,69.7,76.3,"Digital Circuits, Microcontrollers, Embedded C, MATLAB, IoT",2026-08-17,3.7,4.3,2026-09-08,80.6,83.17,71.4,49.17,70.1,False,72.34,False,76.5,False,73.5,Low,0,Moderate,1,Monitoring Required: Moderate risk identified in one or more areas; proactive coaching advised.,"Strong Academics, Moderate Placement Readiness",High GPA student with solid fundamentals approaching recruitment qualification standards.,Fine-tune advanced algorithmic coding and participate in company-specific mock tests.
STU1099,Vidya Deshmukh,Data Science,3rd Year,5,vidya.deshmukh099@smartcampus.edu,9.8,0,93.12,87.4,99.0,4,0,199,210,88.46,0,94.76,59,12,12,100.0,11,2,5,High,4,96.1,92.5,83.1,90.76,89.2,86.8,"Python, Machine Learning, SQL, Statistics, Data Visualization",2026-08-18,4.3,4.6,2026-09-09,96.94,94.76,100.0,91.67,90.76,False,88.24,False,87.0,False,93.32,Low,0,Low,0,On Track: Student maintains exemplary academic standing and career preparation standards.,"Strong Academics, Strong Placement Readiness","Top-tier student excelling in theoretical coursework, exams, and technical recruitment readiness.","Honors mentorship, advanced leadership opportunities, product hackathons, and tier-1 campus placements."
STU1100,Chaithra Bose,Mechanical Engineering,4th Year,7,chaithra.bose100@smartcampus.edu,9.29,0,91.65,89.7,95.2,4,0,198,208,93.75,0,95.19,50,12,12,100.0,11,2,5,High,3,90.2,88.9,82.9,87.49,87.5,,"CAD Modeling, Thermodynamics, FEA, MATLAB, Project Management",2026-08-19,4.6,4.8,2026-09-10,93.94,95.19,100.0,91.67,87.49,False,87.5,True,93.0,False,92.37,Low,0,Low,0,On Track: Student maintains exemplary academic standing and career preparation standards.,"Strong Academics, Strong Placement Readiness","Top-tier student excelling in theoretical coursework, exams, and technical recruitment readiness.","Honors mentorship, advanced leadership opportunities, product hackathons, and tier-1 campus placements."
STU1101,Raghav Reddy,Computer Science and Engineering,3rd Year,5,raghav.reddy101@smartcampus.edu,8.78,0,93.28,87.4,96.5,4,0,192,206,92.0,0,93.2,52,12,12,100.0,9,2,5,High,5,87.1,93.4,93.3,91.48,95.4,86.4,"Data Structures, Algorithms, Python, System Design, Problem Solving",2026-08-20,4.8,4.7,2026-09-11,91.88,93.2,100.0,91.67,91.48,False,91.8,False,93.5,False,92.91,Low,0,Low,0,On Track: Student maintains exemplary academic standing and career preparation standards.,"Strong Academics, Strong Placement Readiness","Top-tier student excelling in theoretical coursework, exams, and technical recruitment readiness.","Honors mentorship, advanced leadership opportunities, product hackathons, and tier-1 campus placements."
STU1102,Sanjay Kumar,Information Technology,3rd Year,5,sanjay.kumar102@smartcampus.edu,7.45,0,74.53,69.5,80.6,4,0,172,208,80.77,0,82.69,35,9,12,75.0,3,2,1,High,2,76.7,68.1,72.8,72.09,76.4,81.8,"Java, Web Development, Database Management, Cloud Basics, Agile",2026-08-21,3.9,4.3,2026-09-12,79.61,82.69,73.0,51.67,72.09,False,78.56,False,78.5,False,74.9,Low,0,Low,0,On Track: Student maintains exemplary academic standing and career preparation standards.,"Strong Academics, Moderate Placement Readiness",High GPA student with solid fundamentals approaching recruitment qualification standards.,Fine-tune advanced algorithmic coding and participate in company-specific mock tests.
STU1103,Dev Pillai,Electronics and Communication Engineering,2nd Year,3,dev.pillai103@smartcampus.edu,7.75,0,82.05,77.5,84.7,4,0,158,198,77.08,0,79.8,33,11,12,91.67,2,1,1,Medium,3,71.4,65.2,65.2,67.06,80.4,79.7,"Digital Circuits, Microcontrollers, Embedded C, MATLAB, IoT",2026-08-22,3.8,4.2,2026-09-13,83.36,79.8,81.4,43.33,67.06,False,80.12,False,76.0,False,74.39,Low,0,Moderate,1,Monitoring Required: Moderate risk identified in one or more areas; proactive coaching advised.,"Strong Academics, Moderate Placement Readiness",High GPA student with solid fundamentals approaching recruitment qualification standards.,Fine-tune advanced algorithmic coding and participate in company-specific mock tests.
STU1104,Akhil Chopra,Data Science,3rd Year,5,akhil.chopra104@smartcampus.edu,7.69,0,87.58,79.7,98.1,4,0,172,208,79.63,0,82.69,39,10,12,83.33,2,2,0,High,1,74.0,74.4,78.7,75.57,68.7,80.9,"Python, Machine Learning, SQL, Statistics, Data Visualization",2026-08-23,3.7,4.0,2026-09-14,84.72,82.69,81.2,36.67,75.57,False,73.58,False,72.0,False,75.07,Low,0,Moderate,1,Monitoring Required: Moderate risk identified in one or more areas; proactive coaching advised.,"Strong Academics, Strong Placement Readiness","Top-tier student excelling in theoretical coursework, exams, and technical recruitment readiness.","Honors mentorship, advanced leadership opportunities, product hackathons, and tier-1 campus placements."
STU1105,Rohan Chopra,Mechanical Engineering,2nd Year,3,rohan.chopra105@smartcampus.edu,4.22,1,42.53,38.2,47.6,4,2,110,210,48.15,4,52.38,5,4,12,33.33,0,0,0,Low,0,42.2,36.5,43.8,40.4,38.6,38.3,"CAD Modeling, Thermodynamics, FEA, MATLAB, Project Management",2026-08-24,2.9,2.1,2026-09-15,48.86,52.38,24.0,4.0,40.4,False,38.48,False,35.5,False,38.41,High,5,High,5,Dual Critical Risk: Immediate intervention required in both academic standing and recruitment readiness.,Needs Improvement in Multiple Areas,"Student facing critical challenges across coursework, attendance, and recruitment preparedness.","Holistic academic advisory, weekly faculty mentor check-ins, study groups, and foundational skill workshops."
STU1106,Rishi Sharma,Computer Science and Engineering,2nd Year,3,rishi.sharma106@smartcampus.edu,8.14,0,73.05,61.6,78.9,4,0,161,204,74.0,1,78.92,36,11,12,91.67,4,2,0,Medium,3,75.6,73.5,,74.34,76.9,71.0,"Data Structures, Algorithms, Python, System Design, Problem Solving",2026-08-25,3.8,4.3,2026-09-16,82.62,78.92,83.8,49.17,74.4,True,74.54,False,77.5,False,75.81,Low,0,Low,0,On Track: Student maintains exemplary academic standing and career preparation standards.,"Strong Academics, Moderate Placement Readiness",High GPA student with solid fundamentals approaching recruitment qualification standards.,Fine-tune advanced algorithmic coding and participate in company-specific mock tests.
STU1107,Divya Das,Information Technology,4th Year,7,divya.das107@smartcampus.edu,7.23,0,77.9,71.2,81.1,4,0,182,208,82.69,0,87.5,34,9,12,75.0,4,2,0,High,1,77.4,66.0,71.2,70.98,78.8,71.2,"Java, Web Development, Database Management, Cloud Basics, Agile",2026-08-26,3.7,3.6,2026-09-17,79.52,87.5,72.2,41.67,70.98,False,75.76,False,66.0,False,72.96,Low,0,Low,0,On Track: Student maintains exemplary academic standing and career preparation standards.,"Strong Academics, Moderate Placement Readiness",High GPA student with solid fundamentals approaching recruitment qualification standards.,Fine-tune advanced algorithmic coding and participate in company-specific mock tests.
STU1108,Deepa Kumar,Electronics and Communication Engineering,3rd Year,5,deepa.kumar108@smartcampus.edu,6.75,2,56.83,49.2,60.7,4,0,146,210,67.31,4,69.52,20,7,12,58.33,3,0,0,Medium,2,62.8,55.1,59.5,58.73,61.9,53.2,"Digital Circuits, Microcontrollers, Embedded C, MATLAB, IoT",2026-08-27,3.3,3.4,2026-09-18,60.8,69.52,51.0,25.0,58.73,False,58.42,False,59.0,False,56.7,High,4,Moderate,5,Academic Priority: Academic remediation (clearing backlogs and boosting attendance) must take precedence.,Needs Improvement in Multiple Areas,"Student facing critical challenges across coursework, attendance, and recruitment preparedness.","Holistic academic advisory, weekly faculty mentor check-ins, study groups, and foundational skill workshops."
STU1109,Dev Balakrishnan,Data Science,4th Year,7,dev.balakrishnan109@smartcampus.edu,7.15,0,76.0,73.1,77.7,4,0,174,210,77.78,0,82.86,25,9,12,75.0,2,1,1,Medium,3,75.4,80.7,76.8,77.94,78.9,81.8,"Python, Machine Learning, SQL, Statistics, Data Visualization",2026-08-28,3.7,4.2,2026-09-19,78.55,82.86,65.0,43.33,77.94,False,80.06,False,75.0,False,74.09,Low,0,Low,0,On Track: Student maintains exemplary academic standing and career preparation standards.,"Strong Academics, Strong Placement Readiness","Top-tier student excelling in theoretical coursework, exams, and technical recruitment readiness.","Honors mentorship, advanced leadership opportunities, product hackathons, and tier-1 campus placements."
STU1110,Arjun Gowda,Mechanical Engineering,3rd Year,5,arjun.gowda110@smartcampus.edu,9.08,0,96.47,94.6,97.7,4,0,179,200,87.5,0,89.5,43,12,12,100.0,7,2,5,High,5,85.1,94.1,95.6,91.85,89.8,85.1,"CAD Modeling, Thermodynamics, FEA, MATLAB, Project Management",2026-08-29,4.8,4.9,2026-09-20,94.34,89.5,94.4,89.17,91.85,False,87.92,False,96.5,False,92.01,Low,0,Low,0,On Track: Student maintains exemplary academic standing and career preparation standards.,"Strong Academics, Strong Placement Readiness","Top-tier student excelling in theoretical coursework, exams, and technical recruitment readiness.","Honors mentorship, advanced leadership opportunities, product hackathons, and tier-1 campus placements."
STU1111,Aditya Patel,Computer Science and Engineering,4th Year,7,aditya.patel111@smartcampus.edu,7.83,0,71.72,65.5,75.6,4,0,150,198,74.0,1,75.76,31,9,12,75.0,5,1,2,Medium,2,78.8,78.5,69.3,75.83,77.4,77.1,"Data Structures, Algorithms, Python, System Design, Problem Solving",2026-08-30,4.2,4.3,2026-09-21,80.67,75.76,69.8,53.33,75.83,False,77.28,False,81.5,False,74.8,Low,0,Low,0,On Track: Student maintains exemplary academic standing and career preparation standards.,"Strong Academics, Strong Placement Readiness","Top-tier student excelling in theoretical coursework, exams, and technical recruitment readiness.","Honors mentorship, advanced leadership opportunities, product hackathons, and tier-1 campus placements."
STU1112,Sahil Singh,Information Technology,3rd Year,5,sahil.singh112@smartcampus.edu,9.11,0,93.28,88.6,99.0,4,0,178,206,82.69,0,86.41,57,12,12,100.0,7,3,2,High,5,85.7,89.9,95.2,90.23,92.1,90.7,"Java, Web Development, Database Management, Cloud Basics, Agile",2026-08-31,4.7,4.4,2026-09-22,93.53,86.41,100.0,82.5,90.23,False,91.54,False,88.0,False,90.66,Low,0,Low,0,On Track: Student maintains exemplary academic standing and career preparation standards.,"Strong Academics, Strong Placement Readiness","Top-tier student excelling in theoretical coursework, exams, and technical recruitment readiness.","Honors mentorship, advanced leadership opportunities, product hackathons, and tier-1 campus placements."
STU1113,Vignesh Rao,Electronics and Communication Engineering,3rd Year,5,vignesh.rao113@smartcampus.edu,5.36,1,51.7,49.4,56.5,4,0,114,204,52.0,4,55.88,8,3,12,25.0,0,0,0,Low,0,39.2,34.8,35.7,36.39,42.2,39.6,"Digital Circuits, Microcontrollers, Embedded C, MATLAB, IoT",2026-09-01,2.3,2.7,2026-09-23,57.31,55.88,21.4,4.0,36.39,False,41.16,False,38.5,False,40.55,High,4,High,5,Dual Critical Risk: Immediate intervention required in both academic standing and recruitment readiness.,Needs Improvement in Multiple Areas,"Student facing critical challenges across coursework, attendance, and recruitment preparedness.","Holistic academic advisory, weekly faculty mentor check-ins, study groups, and foundational skill workshops."
STU1114,Kiran Rajan,Data Science,3rd Year,5,kiran.rajan114@smartcampus.edu,5.87,0,54.62,49.8,58.7,4,0,157,200,75.0,0,78.5,21,6,12,50.0,0,1,1,Low,1,54.2,48.0,52.8,51.3,53.8,58.7,"Python, Machine Learning, SQL, Statistics, Data Visualization",2026-09-02,3.4,3.0,2026-09-24,65.74,78.5,46.8,24.83,51.3,False,55.76,False,54.0,False,56.64,Moderate,2,High,5,Career Priority: Strong/moderate academics but requires urgent placement preparation (coding & aptitude drills).,Needs Placement Preparation,Steady academic foundation but underprepared for competitive placement assessments.,"Enroll in structured placement training modules, aptitude test series, and resume building."
STU1115,Uma Kumar,Mechanical Engineering,2nd Year,3,uma.kumar115@smartcampus.edu,8.41,0,81.28,79.1,84.4,4,0,155,200,72.92,2,77.5,35,10,12,83.33,5,2,1,High,1,76.0,77.6,70.6,75.02,81.4,69.3,"CAD Modeling, Thermodynamics, FEA, MATLAB, Project Management",2026-09-03,,4.3,2026-09-25,86.43,77.5,78.0,51.67,75.02,False,76.56,False,82.5,True,76.99,Low,0,Low,0,On Track: Student maintains exemplary academic standing and career preparation standards.,"Strong Academics, Strong Placement Readiness","Top-tier student excelling in theoretical coursework, exams, and technical recruitment readiness.","Honors mentorship, advanced leadership opportunities, product hackathons, and tier-1 campus placements."
STU1116,Uma Narayanan,Computer Science and Engineering,3rd Year,5,uma.narayanan116@smartcampus.edu,5.16,1,40.62,38.8,42.4,4,1,127,200,58.33,4,63.5,5,3,12,25.0,1,0,0,Low,0,36.5,31.1,40.3,35.48,46.0,45.3,"Data Structures, Algorithms, Python, System Design, Problem Solving",2026-09-04,2.7,2.1,2026-09-26,52.99,63.5,19.0,6.5,35.48,False,45.72,False,33.5,False,40.58,High,5,High,5,Dual Critical Risk: Immediate intervention required in both academic standing and recruitment readiness.,Needs Improvement in Multiple Areas,"Student facing critical challenges across coursework, attendance, and recruitment preparedness.","Holistic academic advisory, weekly faculty mentor check-ins, study groups, and foundational skill workshops."
STU1117,Jagan Rao,Information Technology,2nd Year,3,jagan.rao117@smartcampus.edu,6.23,0,71.35,66.7,81.4,4,0,146,214,61.11,4,68.22,17,8,12,66.67,0,0,0,Medium,2,64.6,48.6,62.6,57.6,58.2,65.1,"Java, Web Development, Database Management, Cloud Basics, Agile",2026-09-05,3.4,3.5,2026-09-27,72.56,68.22,53.6,17.5,57.6,False,60.96,False,61.5,False,59.24,Moderate,3,High,5,Career Priority: Strong/moderate academics but requires urgent placement preparation (coding & aptitude drills).,Needs Placement Preparation,Steady academic foundation but underprepared for competitive placement assessments.,"Enroll in structured placement training modules, aptitude test series, and resume building."
STU1118,Ishaan Reddy,Electronics and Communication Engineering,2nd Year,3,ishaan.reddy118@smartcampus.edu,8.85,0,87.38,84.0,91.0,4,0,187,202,90.38,0,92.57,50,12,12,100.0,8,3,4,High,3,94.9,90.3,91.2,91.95,87.9,84.1,"Digital Circuits, Microcontrollers, Embedded C, MATLAB, IoT",2026-09-06,4.3,4.3,2026-09-28,90.46,92.57,100.0,100.0,91.95,False,86.38,False,82.5,False,91.86,Low,0,Low,0,On Track: Student maintains exemplary academic standing and career preparation standards.,"Strong Academics, Strong Placement Readiness","Top-tier student excelling in theoretical coursework, exams, and technical recruitment readiness.","Honors mentorship, advanced leadership opportunities, product hackathons, and tier-1 campus placements."
STU1119,Nandita Gupta,Data Science,3rd Year,5,nandita.gupta119@smartcampus.edu,4.42,2,44.52,41.4,46.6,4,0,109,204,50.0,4,53.43,8,6,12,50.0,0,0,0,Low,0,35.9,44.6,46.2,42.47,44.5,41.3,"Python, Machine Learning, SQL, Statistics, Data Visualization",2026-09-07,2.3,2.2,2026-09-29,45.46,53.43,36.4,4.0,42.47,False,43.22,False,31.0,False,39.58,High,4,High,5,Dual Critical Risk: Immediate intervention required in both academic standing and recruitment readiness.,Needs Improvement in Multiple Areas,"Student facing critical challenges across coursework, attendance, and recruitment preparedness.","Holistic academic advisory, weekly faculty mentor check-ins, study groups, and foundational skill workshops."
STU1120,Manish Joshi,Mechanical Engineering,2nd Year,3,manish.joshi120@smartcampus.edu,7.62,0,71.25,68.0,75.0,4,0,147,200,68.52,2,73.5,36,9,12,75.0,4,1,1,Medium,3,74.9,77.6,79.7,77.42,76.0,80.6,"CAD Modeling, Thermodynamics, FEA, MATLAB, Project Management",2026-09-08,3.8,4.0,2026-09-30,79.47,73.5,73.8,48.33,77.42,False,77.84,False,73.0,False,73.77,Moderate,1,Low,0,Monitoring Required: Moderate risk identified in one or more areas; proactive coaching advised.,"Strong Academics, Strong Placement Readiness","Top-tier student excelling in theoretical coursework, exams, and technical recruitment readiness.","Honors mentorship, advanced leadership opportunities, product hackathons, and tier-1 campus placements."
