student_id,events_attended,clubs_participated,hackathons_participated,extracurricular_participation,certifications_count
STU1001,2,2,0,Medium,1
STU1002,4,2,4,High,3
STU1003,3,1,1,Low,0
STU1004,2,1,0,Medium,3
STU1005,5,3,5,High,5
STU1006,6,2,2,High,5
STU1007,10,2,4,High,5
STU1008,0,0,0,Low,0
STU1009,4,1,1,High,3
STU1010,2,1,0,Low,1
STU1011,10,2,2,High,3
STU1012,6,1,4,High,2
STU1013,1,1,0,Low,1
STU1014,2,1,0,Medium,1
STU1015,6,2,3,High,3
STU1016,11,3,5,High,4
STU1017,4,1,0,Medium,3
STU1018,4,1,2,Medium,3
STU1019,3,1,2,Medium,3
STU1020,5,2,0,Medium,1
STU1021,3,2,0,High,3
STU1022,8,2,5,High,5
STU1023,2,1,2,High,1
STU1024,3,1,1,Medium,3
STU1025,2,2,2,Medium,2
STU1026,0,0,0,Low,0
STU1027,8,2,5,High,4
STU1028,2,1,0,Medium,3
STU1029,3,2,2,Medium,2
STU1030,6,3,4,High,3
STU1031,5,1,0,Medium,1
STU1032,11,2,5,High,5
STU1033,10,3,5,High,4
STU1034,1,0,0,Low,0
STU1035,7,1,4,High,4
STU1036,2,0,0,Medium,1
STU1037,5,1,1,Medium,2
STU1038,5,3,3,High,5
STU1039,1,1,1,Low,2
STU1040,3,2,2,Medium,1
STU1041,11,3,5,High,5
STU1042,3,2,1,High,2
STU1043,10,2,3,High,4
STU1044,1,0,0,Low,0
STU1045,4,1,2,High,2
STU1046,0,0,0,Low,1
STU1047,3,1,2,Medium,2
STU1048,5,2,0,Medium,1
STU1049,5,2,2,High,1
STU1050,5,2,2,High,3
STU1051,8,2,6,High,2
STU1052,2,0,0,Medium,0
STU1053,1,0,0,Low,0
STU1054,1,0,0,Low,0
STU1055,5,2,2,Medium,1
STU1056,0,0,0,Low,0
STU1057,6,3,3,High,5
STU1058,8,3,5,High,4
STU1059,9,3,4,High,4
STU1060,5,1,0,Medium,1
STU1061,2,1,1,Medium,1
STU1062,5,2,0,Medium,2
STU1063,0,1,0,Low,0
STU1064,5,2,2,High,2
STU1065,5,2,2,High,1
STU1066,3,1,0,Medium,3
STU1067,5,3,5,High,4
STU1068,1,1,1,Low,1
STU1069,8,3,4,High,3
STU1070,8,1,4,High,3
STU1071,0,1,0,Low,0
STU1072,9,3,3,High,4
STU1073,7,2,4,High,4
STU1074,3,1,0,Medium,1
STU1075,2,1,1,Low,0
STU1076,1,0,1,Medium,0
STU1077,1,0,1,Low,0
STU1078,11,2,3,High,3
STU1079,4,1,2,Medium,2
STU1080,8,3,2,High,4
STU1081,0,0,0,Low,0
STU1082,4,2,1,High,3
STU1083,3,1,1,Medium,3
STU1084,8,2,5,High,3
STU1085,4,1,0,High,3
STU1086,3,1,2,Medium,3
STU1087,3,0,1,Low,0
STU1088,2,2,2,Medium,1
STU1089,1,0,0,Low,0
STU1090,2,2,0,Medium,2
STU1091,10,3,4,High,5
STU1092,1,0,1,Medium,1
STU1093,0,1,1,Low,1
STU1094,4,1,1,Medium,1
STU1095,2,0,1,Low,0
STU1096,4,1,0,Medium,2
STU1097,5,2,0,Medium,2
STU1098,5,2,1,Medium,1
STU1099,11,2,5,High,4
STU1100,11,2,5,High,3
STU1101,9,2,5,High,5
STU1102,3,2,1,High,2
STU1103,2,1,1,Medium,3
STU1104,2,2,0,High,1
STU1105,0,0,0,Low,0
STU1106,4,2,0,Medium,3
STU1107,4,2,0,High,1
STU1108,3,0,0,Medium,2
STU1109,2,1,1,Medium,3
STU1110,7,2,5,High,5
STU1111,5,1,2,Medium,2
STU1112,7,3,2,High,5
STU1113,0,0,0,Low,0
STU1114,0,1,1,Low,1
STU1115,5,2,1,High,1
STU1116,1,0,0,Low,0
STU1117,0,0,0,Medium,2
STU1118,8,3,4,High,3
STU1119,0,0,0,Low,0
STU1120,4,1,1,Medium,3
