student_id,student_satisfaction_score,faculty_feedback_score,feedback_date
STU1001,3.7,4.0,2026-09-01
STU1002,3.7,4.4,2026-09-02
STU1003,3.7,3.2,2026-09-03
STU1004,3.6,3.9,2026-09-04
STU1005,4.9,4.7,2026-09-05
STU1006,4.8,4.5,2026-09-06
STU1007,5.0,5.0,2026-09-07
STU1008,2.8,2.4,2026-09-08
STU1009,4.2,4.3,2026-09-09
STU1010,3.4,3.1,2026-09-10
STU1011,4.9,5.0,2026-09-11
STU1012,4.2,4.3,2026-09-12
STU1013,,3.5,2026-09-13
STU1014,3.8,4.1,2026-09-14
STU1015,4.5,4.5,2026-09-15
STU1016,4.6,4.7,2026-09-16
STU1017,3.8,4.3,2026-09-17
STU1018,3.9,4.2,2026-09-18
STU1019,3.7,4.1,2026-09-19
STU1020,4.1,4.3,2026-09-20
STU1021,3.7,4.3,2026-09-21
STU1022,4.7,4.8,2026-09-22
STU1023,3.9,4.2,2026-09-23
STU1024,3.9,3.9,2026-09-24
STU1025,4.2,3.7,2026-09-25
STU1026,3.2,3.3,2026-09-26
STU1027,4.8,4.6,2026-09-27
STU1028,3.9,3.9,2026-09-28
STU1029,4.3,4.3,2026-09-29
STU1030,4.3,4.7,2026-09-30
STU1031,3.6,3.9,2026-09-01
STU1032,,4.7,2026-09-02
STU1033,4.5,4.8,2026-09-03
STU1034,3.0,2.2,2026-09-04
STU1035,3.7,3.9,2026-09-05
STU1036,3.0,3.5,2026-09-06
STU1037,4.2,3.7,2026-09-07
STU1038,4.7,4.6,2026-09-08
STU1039,3.2,3.5,2026-09-09
STU1040,4.0,4.1,2026-09-10
STU1041,4.3,4.5,2026-09-11
STU1042,4.3,3.6,2026-09-12
STU1043,4.6,4.8,2026-09-13
STU1044,2.9,2.6,2026-09-14
STU1045,3.9,3.8,2026-09-15
STU1046,3.2,3.3,2026-09-16
STU1047,4.0,3.6,2026-09-17
STU1048,4.4,4.1,2026-09-18
STU1049,4.1,4.2,2026-09-19
STU1050,4.8,4.7,2026-09-20
STU1051,3.8,4.1,2026-09-21
STU1052,3.3,2.8,2026-09-22
STU1053,2.4,2.2,2026-09-23
STU1054,3.0,2.1,2026-09-24
STU1055,4.4,4.0,2026-09-25
STU1056,,2.1,2026-09-26
STU1057,4.6,4.6,2026-09-27
STU1058,4.7,4.8,2026-09-28
STU1059,4.7,4.4,2026-09-29
STU1060,3.9,3.8,2026-09-30
STU1061,3.9,3.7,2026-09-01
STU1062,4.3,4.1,2026-09-02
STU1063,3.2,3.2,2026-09-03
STU1064,3.5,3.7,2026-09-04
STU1065,4.0,3.7,2026-09-05
STU1066,4.2,3.7,2026-09-06
STU1067,4.8,4.8,2026-09-07
STU1068,3.3,3.2,2026-09-08
STU1069,4.7,4.8,2026-09-09
STU1070,3.9,3.9,2026-09-10
STU1071,3.0,3.4,2026-09-11
STU1072,4.7,4.6,2026-09-12
STU1073,4.3,4.8,2026-09-13
STU1074,3.7,3.2,2026-09-14
STU1075,3.6,3.2,2026-09-15
STU1076,3.4,2.9,2026-09-16
STU1077,3.1,3.2,2026-09-17
STU1078,4.9,4.5,2026-09-18
STU1079,3.6,3.9,2026-09-19
STU1080,,4.8,2026-09-20
STU1081,3.0,2.0,2026-09-21
STU1082,4.1,3.7,2026-09-22
STU1083,3.9,3.6,2026-09-23
STU1084,4.9,4.3,2026-09-24
STU1085,3.6,3.7,2026-09-25
STU1086,3.6,4.0,2026-09-26
STU1087,3.4,3.3,2026-09-27
STU1088,3.5,4.2,2026-09-28
STU1089,2.5,2.7,2026-09-29
STU1090,4.3,3.7,2026-09-30
STU1091,4.6,4.6,2026-09-01
STU1092,3.0,3.6,2026-09-02
STU1093,3.4,2.8,2026-09-03
STU1094,3.9,4.2,2026-09-04
STU1095,3.1,2.8,2026-09-05
STU1096,3.8,4.1,2026-09-06
STU1097,4.0,3.9,2026-09-07
STU1098,3.7,4.3,2026-09-08
STU1099,4.3,4.6,2026-09-09
STU1100,4.6,4.8,2026-09-10
STU1101,4.8,4.7,2026-09-11
STU1102,3.9,4.3,2026-09-12
STU1103,3.8,4.2,2026-09-13
STU1104,3.7,4.0,2026-09-14
STU1105,2.9,2.1,2026-09-15
STU1106,3.8,4.3,2026-09-16
STU1107,3.7,3.6,2026-09-17
STU1108,3.3,3.4,2026-09-18
STU1109,3.7,4.2,2026-09-19
STU1110,4.8,4.9,2026-09-20
STU1111,4.2,4.3,2026-09-21
STU1112,4.7,4.4,2026-09-22
STU1113,2.3,2.7,2026-09-23
STU1114,3.4,3.0,2026-09-24
STU1115,,4.3,2026-09-25
STU1116,2.7,2.1,2026-09-26
STU1117,3.4,3.5,2026-09-27
STU1118,4.3,4.3,2026-09-28
STU1119,2.3,2.2,2026-09-29
STU1120,3.8,4.0,2026-09-30
