student_id,login_frequency,assignments_completed,total_assignments,assignment_completion_percentage
STU1001,24,9,12,75.0
STU1002,30,9,12,75.0
STU1003,19,6,12,50.0
STU1004,29,9,12,75.0
STU1005,55,12,12,100.0
STU1006,49,11,12,91.67
STU1007,59,12,12,100.0
STU1008,9,5,12,41.67
STU1009,33,10,12,83.33
STU1010,17,6,12,50.0
STU1011,43,12,12,100.0
STU1012,29,8,12,66.67
STU1013,23,6,12,50.0
STU1014,31,11,12,91.67
STU1015,44,12,12,100.0
STU1016,53,12,12,100.0
STU1017,25,10,12,83.33
STU1018,30,11,12,91.67
STU1019,27,9,12,75.0
STU1020,22,10,12,83.33
STU1021,36,11,12,91.67
STU1022,52,11,12,91.67
STU1023,39,9,12,75.0
STU1024,32,10,12,83.33
STU1025,38,9,12,75.0
STU1026,20,8,12,66.67
STU1027,48,12,12,100.0
STU1028,31,10,12,83.33
STU1029,28,11,12,91.67
STU1030,58,12,12,100.0
STU1031,36,10,12,83.33
STU1032,50,12,12,100.0
STU1033,42,12,12,100.0
STU1034,13,3,12,25.0
STU1035,30,10,12,83.33
STU1036,13,9,12,75.0
STU1037,34,9,12,75.0
STU1038,56,12,12,100.0
STU1039,14,6,12,50.0
STU1040,36,11,12,91.67
STU1041,57,12,12,100.0
STU1042,28,10,12,83.33
STU1043,48,11,12,91.67
STU1044,9,5,12,41.67
STU1045,29,9,12,75.0
STU1046,19,9,12,75.0
STU1047,39,10,12,83.33
STU1048,31,11,12,91.67
STU1049,23,10,12,83.33
STU1050,58,12,12,100.0
STU1051,38,10,12,83.33
STU1052,23,7,12,58.33
STU1053,9,6,12,50.0
STU1054,13,4,12,33.33
STU1055,29,10,12,83.33
STU1056,11,6,12,50.0
STU1057,59,12,12,100.0
STU1058,42,12,12,100.0
STU1059,53,12,12,100.0
STU1060,25,11,12,91.67
STU1061,39,9,12,75.0
STU1062,22,10,12,83.33
STU1063,19,6,12,50.0
STU1064,31,9,12,75.0
STU1065,24,10,12,83.33
STU1066,33,9,12,75.0
STU1067,48,12,12,100.0
STU1068,18,6,12,50.0
STU1069,45,12,12,100.0
STU1070,45,10,12,83.33
STU1071,15,9,12,75.0
STU1072,54,12,12,100.0
STU1073,41,12,12,100.0
STU1074,18,6,12,50.0
STU1075,16,8,12,66.67
STU1076,23,8,12,66.67
STU1077,19,7,12,58.33
STU1078,47,11,12,91.67
STU1079,27,11,12,91.67
STU1080,45,11,12,91.67
STU1081,8,3,12,25.0
STU1082,25,11,12,91.67
STU1083,34,9,12,75.0
STU1084,53,11,12,91.67
STU1085,22,10,12,83.33
STU1086,26,9,12,75.0
STU1087,23,6,12,50.0
STU1088,34,10,12,83.33
STU1089,6,3,12,25.0
STU1090,26,11,12,91.67
STU1091,45,12,12,100.0
STU1092,13,9,12,75.0
STU1093,19,8,12,66.67
STU1094,35,10,12,83.33
STU1095,15,6,12,50.0
STU1096,25,10,12,83.33
STU1097,37,11,12,91.67
STU1098,33,9,12,75.0
STU1099,59,12,12,100.0
STU1100,50,12,12,100.0
STU1101,52,12,12,100.0
STU1102,35,9,12,75.0
STU1103,33,11,12,91.67
STU1104,39,10,12,83.33
STU1105,5,4,12,33.33
STU1106,36,11,12,91.67
STU1107,34,9,12,75.0
STU1108,20,7,12,58.33
STU1109,25,9,12,75.0
STU1110,43,12,12,100.0
STU1111,31,9,12,75.0
STU1112,57,12,12,100.0
STU1113,8,3,12,25.0
STU1114,21,6,12,50.0
STU1115,35,10,12,83.33
STU1116,5,3,12,25.0
STU1117,17,8,12,66.67
STU1118,50,12,12,100.0
STU1119,8,6,12,50.0
STU1120,36,9,12,75.0
