student_id,aptitude_score,coding_score,mock_interview_score,placement_readiness_score
STU1001,77.2,81.7,66.3,75.73
STU1002,72.1,96.4,77.5,83.44
STU1003,50.9,57.6,58.7,55.92
STU1004,75.0,77.4,65.8,73.2
STU1005,95.4,93.8,90.0,93.14
STU1006,86.5,94.1,90.8,90.83
STU1007,90.1,85.1,94.7,89.48
STU1008,44.7,47.4,,46.32
STU1009,75.0,69.3,71.9,71.79
STU1010,51.3,51.0,53.5,51.84
STU1011,89.0,95.6,91.6,92.42
STU1012,72.8,98.1,85.6,86.76
STU1013,60.0,56.6,56.7,57.65
STU1014,75.9,69.4,72.8,72.37
STU1015,92.1,91.9,87.0,90.49
STU1016,94.7,85.5,85.5,88.26
STU1017,79.8,74.5,75.0,76.24
STU1018,82.3,74.8,80.6,78.79
STU1019,77.5,71.3,72.7,73.58
STU1020,80.0,78.6,79.0,79.14
STU1021,76.7,72.3,70.7,73.14
STU1022,95.4,86.9,85.2,88.94
STU1023,82.8,77.0,67.6,75.92
STU1024,75.2,68.8,,71.36
STU1025,79.4,74.0,74.1,75.65
STU1026,51.7,52.4,61.6,54.95
STU1027,94.9,86.8,94.2,91.45
STU1028,77.6,75.2,76.3,76.25
STU1029,70.2,73.2,69.6,71.22
STU1030,86.2,96.9,83.9,89.79
STU1031,75.6,70.3,67.0,70.9
STU1032,89.1,92.0,93.1,91.46
STU1033,88.0,85.5,82.3,85.29
STU1034,38.3,31.0,49.4,38.71
STU1035,85.4,98.0,85.5,90.47
STU1036,64.8,52.4,52.5,56.15
STU1037,73.2,74.5,67.0,71.86
STU1038,96.1,97.9,91.5,95.44
STU1039,57.1,59.5,56.4,57.85
STU1040,82.6,81.4,68.2,77.8
STU1041,94.0,96.2,92.9,94.55
STU1042,70.7,66.8,75.8,70.67
STU1043,92.7,93.5,88.7,91.82
STU1044,39.7,36.2,38.7,38.0
STU1045,70.9,69.0,,69.76
STU1046,57.5,54.0,57.2,56.01
STU1047,68.6,67.1,72.7,69.23
STU1048,75.1,79.8,68.0,74.85
STU1049,83.9,77.8,66.5,76.24
STU1050,90.8,85.2,90.2,88.38
STU1051,81.2,94.7,77.6,85.52
STU1052,59.6,52.6,65.4,58.54
STU1053,47.3,42.1,46.6,45.01
STU1054,44.5,37.3,39.7,40.18
STU1055,75.3,68.2,65.9,69.64
STU1056,49.9,46.7,41.7,46.16
STU1057,87.1,95.2,90.0,91.21
STU1058,95.7,86.7,94.1,91.62
STU1059,85.0,85.2,90.4,86.7
STU1060,78.0,74.0,72.2,74.66
STU1061,69.8,74.3,72.7,72.47
STU1062,68.6,80.3,,75.62
STU1063,66.9,65.5,65.1,65.8
STU1064,75.8,80.6,73.9,77.15
STU1065,76.7,75.8,68.8,73.97
STU1066,72.8,74.6,76.7,74.69
STU1067,96.0,95.9,93.7,95.27
STU1068,51.6,58.6,57.7,56.23
STU1069,86.9,89.3,88.1,88.22
STU1070,83.6,93.9,81.7,87.15
STU1071,54.8,52.7,54.0,53.72
STU1072,94.5,97.8,85.6,93.15
STU1073,92.1,93.0,85.2,90.39
STU1074,50.3,50.3,60.6,53.39
STU1075,63.5,58.4,60.2,60.47
STU1076,52.1,61.1,55.2,56.63
STU1077,62.1,62.9,51.6,59.27
STU1078,93.5,97.9,83.0,92.11
STU1079,75.4,79.7,74.3,76.79
STU1080,85.6,92.4,86.0,88.44
STU1081,45.3,39.5,32.6,39.17
STU1082,78.4,81.2,75.2,78.56
STU1083,81.5,69.8,72.9,74.24
STU1084,94.3,92.9,86.3,91.34
STU1085,78.3,76.0,80.1,77.92
STU1086,81.1,66.1,71.6,72.25
STU1087,52.4,64.0,55.5,57.97
STU1088,74.1,65.7,65.5,68.16
STU1089,47.1,36.4,,40.68
STU1090,71.6,81.4,80.5,78.19
STU1091,92.9,96.9,87.1,92.76
STU1092,52.3,53.4,55.7,53.76
STU1093,50.4,53.5,58.8,54.16
STU1094,81.5,74.3,68.7,74.78
STU1095,54.8,50.4,60.1,54.63
STU1096,74.0,81.4,66.5,74.71
STU1097,78.2,78.1,65.0,74.2
STU1098,72.6,71.3,66.0,70.1
STU1099,96.1,92.5,83.1,90.76
STU1100,90.2,88.9,82.9,87.49
STU1101,87.1,93.4,93.3,91.48
STU1102,76.7,68.1,72.8,72.09
STU1103,71.4,65.2,65.2,67.06
STU1104,74.0,74.4,78.7,75.57
STU1105,42.2,36.5,43.8,40.4
STU1106,75.6,73.5,,74.34
STU1107,77.4,66.0,71.2,70.98
STU1108,62.8,55.1,59.5,58.73
STU1109,75.4,80.7,76.8,77.94
STU1110,85.1,94.1,95.6,91.85
STU1111,78.8,78.5,69.3,75.83
STU1112,85.7,89.9,95.2,90.23
STU1113,39.2,34.8,35.7,36.39
STU1114,54.2,48.0,52.8,51.3
STU1115,76.0,77.6,70.6,75.02
STU1116,36.5,31.1,40.3,35.48
STU1117,64.6,48.6,62.6,57.6
STU1118,94.9,90.3,91.2,91.95
STU1119,35.9,44.6,46.2,42.47
STU1120,74.9,77.6,79.7,77.42
